"SC","指数名","日付","終値","前日比","前日比（％）","前日終値","時価総額（指数用・浮動株ベース）","時価総額前日比","前日時価総額","平均時価総額","基準時価総額","銘柄数","売買単位換算後株式数"
"0000","TOPIX","20230905","2377.85","4.12","0.17","2373.73","452122698781440","783847149898","451338851631542","20951005504237","19013891104838","2158","199138870191"
"0002","大型","20230905","2281.85","4.86","0.21","2276.99","286468446790009","610199031871","285858247758139","286468446790009","12554232520448","100","121271417155"
"0003","中型","20230905","2659.02","1.19","0.04","2657.83","126098059131803","56432055344","126041627076458","31682929430101","4742269222861","398","51441344605"
"0004","小型","20230905","4127.29","12.23","0.3","4115.06","39556192859628","117216062683","39438976796945","2382903184315","958406442048","1660","26426108432"
"0028","TOPIX Core30","20230905","1181.06","2.42","0.21","1178.64","172109771819105","353261507231","171756510311873","573699239397016","145724774378424","30","81343749521"
"0029","TOPIX Large70","20230905","2387.71","5.36","0.22","2382.35","114358674970904","256937524639","114101737446265","163369535672720","47894702323747","70","39927667633"
"002A","TOPIX 100","20230905","1582.85","3.37","0.21","1579.48","286468446790009","610199031871","285858247758139","286468446790009","180982155777448","100","121271417155"
"002B","TOPIX Mid400","20230905","2526.97","1.13","0.04","2525.84","126098059131803","56432055344","126041627076458","31682929430101","49900795968105","398","51441344605"
"002C","TOPIX 500","20230905","1851.52","3","0.16","1848.52","412566505921812","666631087215","411899874834597","82844679903978","222826425666471","498","172712761760"
"002D","TOPIX Small","20230905","2795.69","8.28","0.3","2787.41","39556192859628","117216062683","39438976796945","2382903184315","14148980443866","1660","26426108432"
"002E","TOPIX 1000","20230905","2247.84","3.87","0.17","2243.97","438619460723636","755588275783","437863872447853","44215671443915","195129326427398","992","187569125468"
"002F","TOPIX Small500","20230905","1231.14","4.2","0.34","1226.94","26052954801824","88957188568","25963997613256","5273877490248","21161581623407","494","14856363709"
"0040","水産・農林業","20230905","546.78","0.86","0.16","545.92","389679414255","613252887","389066161368","4870992678191","71268254593","8","283874093"
"0041","鉱業","20230905","616.43","4.64","0.76","611.79","1701644879354","12832771334","1688812108020","28360747989238","276046408423","6","758998021"
"0042","建設業","20230905","1529.51","-0.09","-0.01","1529.6","9534943337477","-581951273","9535525288750","9932232643206","623398550423","96","4519297718"
"0043","食料品","20230905","2132.13","1.06","0.05","2131.07","15165385170871","7595905503","15157789265368","17634168803338","711277291556","86","4196559378"
"0044","繊維製品","20230905","680.85","4.27","0.63","676.58","1892123152574","11872187726","1880250964848","4851597827112","277905114716","39","1629040748"
"0045","パルプ・紙","20230905","525.34","0.95","0.18","524.39","791669430077","1428998132","790240431945","6597245250641","150697057473","12","936373311"
"0046","化学","20230905","2413.74","11.92","0.5","2401.82","26953235610547","133032990559","26820202619989","18089419872851","11166604008521","149","10028656213"
"0047","医薬品","20230905","3667","-6.63","-0.18","3673.63","22741626818923","-41109718587","22782736537509","63171185608119","6201690846299","36","6119807303"
"0048","石油・石炭製品","20230905","1314.63","-0.05","0","1314.68","2123666921838","-90230194","2123757152032","23596299131531","161541319014","9","2654034907"
"0049","ゴム製品","20230905","4154.72","2.73","0.07","4151.99","3073143273823","2015097972","3071128175852","27937666125666","73967558610","11","768636510"
"004A","ガラス・土石製品","20230905","1282.98","-1.48","-0.12","1284.46","3084976160035","-3554115764","3088530275799","9640550500111","240453580573","32","1060229880"
"004B","鉄鋼","20230905","806.5","-8.82","-1.08","815.32","4597958422609","-50319665877","4648278088486","14832123943899","570113907126","31","1639407712"
"004C","非鉄金属","20230905","1157.38","0.21","0.02","1157.17","3002115464888","559326977","3001556137911","13052675934298","259388104776","23","1335259989"
"004D","金属製品","20230905","1303.02","-2.67","-0.2","1305.69","2329007726748","-4773804134","2333781530881","5545256492256","178739649269","42","1263358012"
"004E","機械","20230905","2778.33","13.86","0.5","2764.47","24935931918211","124371148165","24811560770046","17560515435360","897516524800","142","5874549518"
"004F","電気機器","20230905","4030.09","9.74","0.24","4020.35","77810603029307","188045913818","77622557115489","49878591685453","1930742515807","156","14732787763"
"0050","輸送用機器","20230905","4296.67","-4.2","-0.1","4300.87","38106098871161","-37292806142","38143391677303","66852805037125","886875687733","57","14261107165"
"0051","精密機器","20230905","10613.28","151.1","1.44","10462.18","10842070037474","154365167626","10687704869848","32854757689316","102155659619","33","2649370795"
"0052","その他製品","20230905","4268.96","11.08","0.26","4257.88","10200530928462","26480461559","10174050466903","20401061856925","238946659707","50","2450502506"
"0053","電気・ガス業","20230905","478.13","0.6","0.13","477.53","6192269140251","7811565895","6184457574356","28146677910231","1295104874107","22","4329394612"
"0054","陸運業","20230905","2197.58","8.84","0.4","2188.74","13318028393914","53582193812","13264446200102","31709591414081","606030305549","42","3330987062"
"0055","海運業","20230905","1513.83","10.66","0.71","1503.17","3127678106493","22024285601","3105653820892","39095976331168","206606673816","8","776092634"
"0056","空運業","20230905","257.52","0.97","0.38","256.55","2193332751976","8289473223","2185043278753","73111091732525","851705945581","3","692807959"
"0057","倉庫・運輸関連業","20230905","2604.45","0.65","0.02","2603.8","650898213765","162681215","650735532550","2958628244388","24991748304","22","256480420"
"0058","情報・通信業","20230905","5311.56","-8.01","-0.15","5319.57","35977571543393","-54225146964","36031796690357","15180409933921","677344319895","237","54315254468"
"0059","卸売業","20230905","3331.54","7.14","0.21","3324.4","31441549362740","67445566750","31374103795990","18069855955598","9437537046411","174","7767868072"
"005A","小売業","20230905","1630.3","5.1","0.31","1625.2","19730331828365","61722454854","19668609373511","10066495830798","12102284150802","196","6548382687"
"005B","銀行業","20230905","252.15","0.02","0.01","252.13","30354230804272","3169899399","30351060904873","38423076967433","120379863441476","79","19355658719"
"005C","証券、商品先物取引業","20230905","437.92","0.14","0.03","437.78","3377402767382","1053884904","3376348882479","14684359858184","7712392399114","23","4321575663"
"005D","保険業","20230905","1610.89","-0.68","-0.04","1611.57","10280024357782","-4345621232","10284369979014","128500304472278","6381573226461","8","2997950050"
"005E","その他金融業","20230905","884.45","2.61","0.3","881.84","5317202456604","15693989232","5301508467372","19693342431865","6011876868047","27","2696759172"
"005F","不動産業","20230905","1732.1","19.42","1.13","1712.68","8783637841025","98469543606","8685168297418","11711517121366","507109215664","75","4789761695"
"0060","サービス業","20230905","2753.34","-2.8","-0.1","2756.14","22102130644841","-22498550685","22124629195527","9867022609304","802738907352","224","9798045436"
"0070","マザーズ","20230905","768.79","10.7","1.41","758.09","2568281598076","35730604236","2532550993840","815327491453","3340700140127","315","3081619795"
"0075","REIT","20230905","1918.34","12.59","0.66","1905.75","15067746822009","98926017114","14968820804895","25112911370015","7854560268804","60","8544954394"
"0080","TOPIX-17 食品","20230905","365.64","0.2","0.05","365.44","15555064585126","8209158390","15546855426736","16547941048006","4254226303654","94","4480433471"
"0081","TOPIX-17 エネルギー資源","20230905","182.23","0.6","0.33","181.63","3825311801192","12742541140","3812569260052","25502078674614","2099128394891","15","3413032928"
"0082","TOPIX-17 建設・資材","20230905","302.66","-0.19","-0.06","302.85","14948927224261","-8909871170","14957837095430","8793486602506","4939104821503","170","6842885610"
"0083","TOPIX-17 素材・化学","20230905","307.27","1.52","0.5","305.75","29637028193198","146334176417","29490694016781","14818514096599","9645324513568","200","12594070272"
"0084","TOPIX-17 医薬品","20230905","283.48","-0.51","-0.18","283.99","22741626818923","-41109718587","22782736537509","63171185608119","8022271782518","36","6119807303"
"0085","TOPIX-17 自動車・輸送機","20230905","317.82","-0.27","-0.08","318.09","41179242144984","-35277708170","41214519853155","60557709036742","12956974766476","68","15029743675"
"0086","TOPIX-17 鉄鋼・非鉄","20230905","286.29","-1.88","-0.65","288.17","7600073887497","-49760338900","7649834226397","14074210902773","2654649559746","54","2974667702"
"0087","TOPIX-17 機械","20230905","547.54","2.74","0.5","544.8","24935931918211","124371148165","24811560770046","17560515435360","4554209743577","142","5874549518"
"0088","TOPIX-17 電機・精密","20230905","321.82","1.24","0.39","320.58","88652673066781","342411081444","88310261985337","46906176225810","27547000314524","189","17382158558"
"0089","TOPIX-17 情報通信・サービスその他","20230905","318.14","-0.23","-0.07","318.37","68280233116697","-50243236091","68330476352787","13362080844755","21462656455804","511","66563802410"
"008A","TOPIX-17 電力・ガス","20230905","79.18","0.1","0.13","79.08","6192269140251","7811565895","6184457574356","28146677910231","7820593869450","22","4329394612"
"008B","TOPIX-17 運輸・物流","20230905","205.81","0.9","0.44","204.91","19289937466149","84058633851","19205878832297","25719916621531","9372707090961","75","5056368075"
"008C","TOPIX-17 商社・卸売","20230905","809.5","1.74","0.22","807.76","31441549362740","67445566750","31374103795990","18069855955598","3884094206444","174","7767868072"
"008D","TOPIX-17 小売","20230905","283.21","0.88","0.31","282.33","19730331828365","61722454854","19668609373511","10066495830798","6966630881880","196","6548382687"
"008E","TOPIX-17 銀行","20230905","162.16","0.02","0.01","162.14","30354230804272","3169899399","30351060904873","38423076967433","18718557468211","79","19355658719"
"008F","TOPIX-17 金融（除く銀行）","20230905","189.64","0.12","0.06","189.52","18974629581768","12402252903","18962227328865","32714878589255","10005587350341","58","10016284886"
"0090","TOPIX-17 不動産","20230905","362.3","4.06","1.13","358.24","8783637841025","98469543606","8685168297418","11711517121366","2424420084323","75","4789761695"
"0099","東証インフラファンド指数","20230905","1144.85","0.09","0.01","1144.76","143638620552","10317920","143628302632","2872772411040","125465508620","5","147515306"
"0503","JPXプライム150指数","20230905","1052.62","2.33","0.22","1050.29","231398315641204","511251556661","230887064084543","154265543760803","219831789122210","150","87256225668"
"1000","TOPIX レバレッジ（2倍）指数","20230905","71481.19","242.21","0.34","71238.98","0","0","0","0","0","-","0"
"1001","TOPIX インバース（-1倍）指数","20230905","2056.59","-3.5","-0.17","2060.09","0","0","0","0","0","-","0"
"1002","TOPIX ダブルインバース（-2倍）指数","20230905","283.78","-0.97","-0.34","284.75","0","0","0","0","0","-","0"
"1003","JPX日経400 レバレッジ・インデックス","20230905","33190.44","132.23","0.4","33058.21","0","0","0","0","0","-","0"
"1004","JPX日経400 インバース・インデックス","20230905","3346.81","-6.71","-0.2","3353.52","0","0","0","0","0","-","0"
"1005","JPX日経400 ダブルインバース・インデックス","20230905","804.47","-3.23","-0.4","807.7","0","0","0","0","0","-","0"
"1006","東証REIT インバース（-1倍）指数","20230905","7608.66","-50.55","-0.66","7659.21","0","0","0","0","0","-","0"
"1007","東証REIT レバレッジ（2倍）指数","20230905","8739.44","113.86","1.32","8625.58","0","0","0","0","0","-","0"
"1008","東証REIT ダブルインバース（-2倍）指数","20230905","4623.75","-61.85","-1.32","4685.6","0","0","0","0","0","-","0"
"5000","東証プライム市場指数","20230905","1223.73","2.12","0.17","1221.61","451678208037902","780431655888","450897776382015","24641473433601","369100958514662","1833","197588963366"
"5001","東証スタンダード市場指数","20230905","1146.5","4.31","0.38","1142.19","9209425816741","34601533632","9174824283109","640878623294","8032669824012","1437","11512835385"
"5002","東証グロース市場指数","20230905","983.17","14.16","1.46","969.01","2909945609865","41900477020","2868045132845","537882737498","2959755675618","541","3957585003"
"5003","東証プライム市場コンポジット指数","20230905","1223.65","2.11","0.17","1221.54","451868585866349","779774046500","451088811819849","24624991055387","369279594506157","1835","197666052889"
"5004","旧東証市場第一部指数","20230905","2377.31","4.22","0.18","2373.09","451923215393749","802189807885","451121025585864","21098189327439","19009893369042","2142","200146485083"
"8000","旧東証株価指数","20230905","2477.53","4.13","0.17","2473.4","850477614749648","1419296332104","849058318417544","39410454807676","34327594682509","2158","371455596750"
"8100","TOPIX バリュー","20230905","2688.92","3.5","0.13","2685.42","237260981224862","308181857879","236952799366983","15326936771632","88236657476535","1548","124482225550"
"812C","TOPIX 500 バリュー","20230905","2603.65","3.01","0.12","2600.64","216651314036171","250439527134","216400874509037","60517126825746","83210640720602","358","109782218907"
"812D","TOPIX Small バリュー","20230905","3664.95","10.27","0.28","3654.68","20609667188692","57742330745","20551924857946","1731904805772","5623451548209","1190","14700006643"
"8200","TOPIX グロース","20230905","2992.3","6.62","0.22","2985.68","214862185447013","475664157378","214386521289634","17285775176751","71804925332378","1243","74656812217"
"822C","TOPIX 500 グロース","20230905","2998.43","6.37","0.21","2992.06","195915667415259","416190456967","195499476958292","71242060878276","65339410551423","275","62930714867"
"822D","TOPIX Small グロース","20230905","2945.44","9.25","0.32","2936.19","18946518031754","59473700412","18887044331342","1957284920636","6432497867832","968","11726097349"
"8500","東証配当フォーカス100指数","20230905","2617.96","3.06","0.12","2614.9","205833095099723","240327766695","205592767333028","207912217272448","78623543004017","99","114590189379"
"8501","東証REITオフィス指数","20230905","1841.02","17.35","0.95","1823.67","6523042444050","61482670470","6461559773580","28361054104565","3543159950070","23","3221266885"
"8502","東証REIT住宅指数","20230905","3245.1","-6.77","-0.21","3251.87","1779325059945","-3714250045","1783039309990","17793250599450","548312045942","10","757154140"
"8503","東証REIT商業・物流等指数","20230905","2339.94","14.24","0.61","2325.7","6765379318014","41157596689","6724221721325","25056960437089","2891265132263","27","4566533369"
"8506","TOPIX Ex-Financials","20230905","2070.95","3.95","0.19","2067","400881079725918","764967157268","400116112568651","19845598006234","193573413997485","2020","168113006423"
"8507","JPX日経インデックス400","20230905","21493.44","42.15","0.2","21451.29","322513166808713","632479935235","321880686873477","80628291702178","150051926110576","400","121970341253"
"8508","JPX日経中小型株指数","20230905","17281.97","103.87","0.6","17178.1","6353815985122","38186780956","6315629204167","3176907992561","3676557657572","200","4049961342"
"8801","東証グロース市場Core指数","20230905","1022.95","14.15","1.4","1008.8","8262130754","114261428","8147869326","41310653768","8076761882","20","0"
"8802","東証スタンダード市場TOP20","20230905","1061.6","4.78","0.45","1056.82","10389444257","46802329","10342641929","51947221285","9786614900","20","0"
"A404","TOPIX高配当40指数","20230905","1592.21","0.53","0.03","1591.68","115917943217648","38382158259","115879561059389","289794858044120","72803162826602","40","72478044725"
"A800","東証REIT Core指数","20230905","1136.71","6.69","0.59","1130.02","306194015120","1800220470","304393794650","1020646717067","269369750531","30","0"
"A810","東証REIT物流フォーカス指数","20230905","959.2","7.4","0.78","951.8","99270651140","766286350","98504364790","661804340933","103493223794","15","0"
"A820","京大川北／JPX日本株指数","20230905","11766.77","16.41","0.14","11750.36","10305769537","14372440","10291397097","5152884769","8758366681","200","0"
"A821","東証REITオフィスフォーカス指数","20230905","1049.99","10.34","0.99","1039.65","106892547850","1052629370","105839918480","712616985667","101802927530","15","0"
"A822","東証REIT住宅フォーカス指数","20230905","1033.48","-0.87","-0.08","1034.35","100642774790","-84715640","100727490430","670951831933","97382311170","15","0"
"A823","東証REITホテル＆リテールフォーカス指数","20230905","1029.14","4.22","0.41","1024.92","102850499240","422236590","102428262650","685669994933","99938120860","15","0"
