"SC","è„èÍîNåé"
"1301","194905"
"1332","194905"
"1333","201404"
"1375","202009"
"1376","198111"
"1377","198705"
"1379","199411"
"1380","199711"
"1381","200012"
"1382","200508"
"1383","201111"
"1384","201502"
"1401","200504"
"1407","200603"
"1414","200801"
"1417","201010"
"1418","201010"
"1419","201303"
"1420","201304"
"1429","201312"
"1430","201503"
"1431","201508"
"1433","201509"
"1434","201509"
"1435","201512"
"1436","201603"
"1438","201611"
"1439","201702"
"1443","201801"
"1444","202003"
"1446","201807"
"1447","201810"
"1450","201812"
"1451","201903"
"1491","194905"
"1514","200810"
"1515","195403"
"1518","196110"
"1605","200604"
"1662","200312"
"1663","201401"
"1711","200412"
"1712","200412"
"1716","200406"
"1717","200402"
"1718","200310"
"1719","200310"
"1720","200310"
"1721","200309"
"1723","200303"
"1724","200302"
"1726","200209"
"1730","200104"
"1736","200004"
"1739","199912"
"1743","199907"
"1757","199711"
"1758","199711"
"1762","199710"
"1764","199704"
"1766","199703"
"1768","199611"
"1770","199608"
"1773","199602"
"1775","199602"
"1776","199602"
"1780","199509"
"1783","199506"
"1786","202104"
"1787","199504"
"1788","199503"
"1789","199502"
"1793","199412"
"1795","199411"
"1798","199410"
"1799","199408"
"1801","195709"
"1802","195812"
"1803","196110"
"1805","196109"
"1807","199309"
"1808","196110"
"1810","196110"
"1811","196110"
"1812","196110"
"1813","196110"
"1814","196110"
"1815","196110"
"1820","196111"
"1821","196202"
"1822","196202"
"1826","196208"
"1827","196209"
"1828","199309"
"1833","196209"
"1835","196211"
"1840","199305"
"1841","196306"
"1844","199304"
"1847","196306"
"1848","199304"
"1850","196305"
"1852","196307"
"1853","196307"
"1860","196904"
"1861","197004"
"1866","197309"
"1867","197309"
"1870","198205"
"1871","196206"
"1873","198808"
"1878","198903"
"1879","198912"
"1882","196110"
"1884","196110"
"1885","196109"
"1887","201903"
"1888","196110"
"1890","196110"
"1893","196208"
"1897","197207"
"1898","197309"
"1899","197512"
"1904","199112"
"1905","199111"
"1909","201106"
"1911","197005"
"1914","198811"
"1921","196310"
"1925","196109"
"1926","196110"
"1928","197008"
"1929","198312"
"1930","198611"
"1934","197712"
"1938","197401"
"1939","197311"
"1941","194906"
"1942","196110"
"1944","196110"
"1945","196111"
"1946","196204"
"1948","196207"
"1949","196211"
"1950","196212"
"1951","196302"
"1952","199011"
"1959","196811"
"1960","197305"
"1961","195009"
"1963","196205"
"1964","196210"
"1965","199010"
"1966","198311"
"1967","196310"
"1968","196812"
"1969","196911"
"1971","196110"
"1972","196209"
"1973","198312"
"1975","197104"
"1976","197110"
"1979","197410"
"1980","197510"
"1981","197509"
"1982","197711"
"1992","198905"
"1994","199007"
"1997","199404"
"2001","194905"
"2002","194905"
"2003","194905"
"2004","194905"
"2009","196209"
"2053","196110"
"2055","196110"
"2060","201410"
"2107","195303"
"2108","194905"
"2109","195312"
"2112","196110"
"2114","196110"
"2117","201110"
"2120","200610"
"2121","200609"
"2122","200609"
"2124","200609"
"2127","200610"
"2130","200611"
"2134","200612"
"2136","200612"
"2138","200702"
"2139","200702"
"2146","200704"
"2148","200704"
"2150","200704"
"2152","200705"
"2153","200706"
"2154","200706"
"2156","200706"
"2157","200706"
"2158","200706"
"2160","200708"
"2162","200710"
"2163","200710"
"2164","200710"
"2168","200712"
"2169","200712"
"2170","200712"
"2173","200802"
"2175","200803"
"2179","200808"
"2180","200809"
"2181","200810"
"2183","200810"
"2185","200812"
"2186","200812"
"2193","200907"
"2195","201001"
"2196","201003"
"2198","201007"
"2201","194905"
"2204","195703"
"2206","195403"
"2207","195902"
"2208","195404"
"2209","196110"
"2211","196206"
"2212","196207"
"2215","196209"
"2216","196209"
"2217","197409"
"2220","198410"
"2221","198910"
"2222","199411"
"2224","199712"
"2226","200406"
"2229","201103"
"2264","195409"
"2266","196305"
"2267","198001"
"2268","198712"
"2269","200904"
"2270","200910"
"2281","196110"
"2282","196110"
"2286","196205"
"2288","196306"
"2291","198709"
"2292","198908"
"2293","199011"
"2294","199706"
"2296","201604"
"2300","200204"
"2301","200205"
"2303","200206"
"2304","200206"
"2305","200206"
"2307","200206"
"2309","200206"
"2311","200207"
"2315","200303"
"2317","200208"
"2321","200209"
"2323","200209"
"2325","200209"
"2326","200209"
"2327","200210"
"2329","200210"
"2330","200210"
"2331","200210"
"2332","200210"
"2334","201712"
"2335","200210"
"2337","200211"
"2338","200211"
"2340","200211"
"2341","200212"
"2342","200212"
"2344","200212"
"2345","200212"
"2349","200301"
"2351","200301"
"2353","200302"
"2354","200302"
"2359","200303"
"2370","200310"
"2371","200310"
"2372","200310"
"2373","200310"
"2374","200310"
"2375","200311"
"2376","200311"
"2378","200312"
"2379","200405"
"2384","200312"
"2385","200312"
"2388","200401"
"2389","200402"
"2391","200402"
"2393","200402"
"2395","200403"
"2397","200403"
"2402","200407"
"2404","200407"
"2408","200408"
"2410","200410"
"2411","200409"
"2412","200409"
"2413","200409"
"2415","200410"
"2418","200410"
"2424","201603"
"2425","200411"
"2427","200412"
"2428","200412"
"2429","200502"
"2432","200502"
"2433","200502"
"2435","200503"
"2436","200503"
"2437","200504"
"2438","200504"
"2440","200504"
"2445","200506"
"2449","200507"
"2453","200508"
"2454","200509"
"2459","200511"
"2461","200511"
"2462","200512"
"2464","200512"
"2468","200512"
"2469","200602"
"2471","200602"
"2475","200603"
"2477","200603"
"2479","200604"
"2480","200604"
"2481","200604"
"2483","200604"
"2484","200606"
"2485","200606"
"2487","200606"
"2488","200606"
"2489","200606"
"2491","200607"
"2492","200608"
"2493","200608"
"2497","200608"
"2498","200608"
"2499","200609"
"2501","194910"
"2502","194910"
"2503","194905"
"2531","194905"
"2533","194905"
"2540","195510"
"2573","197308"
"2579","199406"
"2585","202112"
"2586","201412"
"2587","201307"
"2588","201303"
"2590","200108"
"2593","199205"
"2594","199401"
"2597","199906"
"2599","200008"
"2602","194906"
"2607","196110"
"2612","199311"
"2613","200203"
"2651","200007"
"2652","200007"
"2653","200008"
"2654","200008"
"2656","200008"
"2659","200009"
"2664","200009"
"2666","200009"
"2667","200009"
"2668","200010"
"2669","200010"
"2670","200010"
"2673","200010"
"2674","200011"
"2676","200011"
"2678","200011"
"2681","200011"
"2683","200012"
"2685","200012"
"2686","200012"
"2687","200012"
"2689","200012"
"2692","200103"
"2693","200103"
"2694","200104"
"2695","200105"
"2698","200106"
"2700","200107"
"2702","200107"
"2705","200108"
"2708","200109"
"2715","200206"
"2721","200111"
"2722","200112"
"2726","200112"
"2730","200203"
"2733","200204"
"2734","200204"
"2735","200205"
"2736","200206"
"2737","200206"
"2742","200209"
"2743","200209"
"2747","200210"
"2749","200210"
"2750","200211"
"2751","200212"
"2752","200212"
"2753","200212"
"2754","200212"
"2760","200303"
"2762","200303"
"2763","200303"
"2764","200303"
"2767","200303"
"2768","200304"
"2769","200304"
"2776","200307"
"2778","200308"
"2780","200309"
"2782","200309"
"2784","200309"
"2788","200312"
"2789","200312"
"2790","200312"
"2791","200312"
"2792","200312"
"2795","200402"
"2796","200702"
"2798","200403"
"2801","194905"
"2802","194905"
"2804","196305"
"2805","196110"
"2806","196110"
"2809","197007"
"2810","197107"
"2811","197611"
"2812","198811"
"2813","198911"
"2814","199104"
"2815","199110"
"2816","199704"
"2818","200204"
"2819","200311"
"2820","201606"
"2830","199807"
"2831","200002"
"2871","194905"
"2872","194907"
"2874","196212"
"2875","197009"
"2876","199302"
"2877","199602"
"2882","201106"
"2883","201412"
"2884","201603"
"2892","196110"
"2894","196212"
"2897","196310"
"2899","197612"
"2901","198511"
"2903","198704"
"2904","198902"
"2907","199012"
"2908","199012"
"2910","199103"
"2911","199209"
"2914","199410"
"2915","199411"
"2916","199411"
"2917","199506"
"2918","199507"
"2922","199911"
"2923","200104"
"2924","200108"
"2926","200311"
"2927","200503"
"2929","200606"
"2930","201205"
"2931","201212"
"2932","202009"
"2933","202104"
"2934","202108"
"2935","202209"
"2936","202211"
"2937","202212"
"2938","202309"
"2961","202111"
"2962","202307"
"2970","201812"
"2975","201906"
"2978","201907"
"2980","201912"
"2981","201912"
"2982","202004"
"2983","202102"
"2984","202206"
"2986","202007"
"2987","202010"
"2991","202107"
"2993","202112"
"2997","202204"
"2998","202204"
"2999","202206"
"3001","194905"
"3002","194905"
"3003","194905"
"3004","194905"
"3010","196110"
"3011","196305"
"3020","200602"
"3021","200602"
"3023","200602"
"3024","200603"
"3028","200603"
"3030","200604"
"3031","200604"
"3034","200604"
"3035","200604"
"3036","200604"
"3038","200606"
"3040","200703"
"3041","200606"
"3042","200606"
"3045","200607"
"3046","200608"
"3048","200608"
"3050","200609"
"3053","200609"
"3054","200609"
"3058","200611"
"3059","200611"
"3063","200611"
"3064","200612"
"3065","200612"
"3067","200612"
"3068","200612"
"3069","200701"
"3070","200702"
"3071","200702"
"3073","200703"
"3075","200703"
"3076","200704"
"3077","200704"
"3079","200704"
"3080","200704"
"3082","200707"
"3083","200708"
"3086","200709"
"3087","200710"
"3088","200710"
"3089","200710"
"3091","200711"
"3092","200712"
"3093","200712"
"3094","200802"
"3096","200803"
"3097","200803"
"3099","200804"
"3101","194905"
"3103","194905"
"3104","194905"
"3105","194905"
"3106","194905"
"3107","194905"
"3109","194905"
"3110","194905"
"3111","194905"
"3113","194905"
"3116","195008"
"3121","194906"
"3123","196110"
"3131","201503"
"3132","201504"
"3133","201504"
"3134","201504"
"3135","201506"
"3137","201506"
"3138","201507"
"3139","201508"
"3140","200807"
"3141","200809"
"3143","200811"
"3148","200903"
"3150","200903"
"3151","200904"
"3153","200906"
"3154","200907"
"3156","200910"
"3157","200910"
"3159","201002"
"3160","201003"
"3161","201004"
"3166","201010"
"3167","201104"
"3168","201106"
"3169","201112"
"3172","201203"
"3173","201203"
"3174","201206"
"3175","201209"
"3176","201210"
"3177","201211"
"3178","201212"
"3179","201212"
"3180","201302"
"3181","201302"
"3182","201303"
"3183","201304"
"3184","201306"
"3185","201307"
"3186","201307"
"3187","201309"
"3189","201311"
"3190","201403"
"3191","201404"
"3192","201404"
"3193","201407"
"3195","201409"
"3196","201409"
"3197","201410"
"3198","201412"
"3199","201412"
"3201","194905"
"3202","194905"
"3204","200306"
"3205","195005"
"3221","201412"
"3222","201503"
"3223","201503"
"3224","201503"
"3231","200610"
"3232","200610"
"3236","200612"
"3237","200612"
"3238","200612"
"3241","200702"
"3242","200703"
"3244","200707"
"3245","200708"
"3246","200708"
"3248","200710"
"3252","200711"
"3254","200712"
"3261","201212"
"3264","200808"
"3266","200905"
"3267","201611"
"3271","201007"
"3275","201106"
"3276","201110"
"3277","201112"
"3280","201211"
"3284","201304"
"3286","201307"
"3288","201309"
"3289","201310"
"3291","201311"
"3293","201312"
"3294","201312"
"3297","201405"
"3299","201406"
"3300","201409"
"3302","195009"
"3306","194905"
"3315","200403"
"3317","200403"
"3319","200404"
"3320","200404"
"3321","200404"
"3322","200404"
"3323","200405"
"3326","200406"
"3328","200407"
"3329","200407"
"3333","200408"
"3341","200409"
"3347","200411"
"3349","200411"
"3350","200411"
"3352","200411"
"3353","200411"
"3355","200412"
"3358","200502"
"3359","200502"
"3360","200502"
"3361","200502"
"3370","200504"
"3371","200504"
"3372","200506"
"3374","200506"
"3375","200506"
"3377","200506"
"3382","200509"
"3386","200509"
"3387","200509"
"3388","200510"
"3391","200511"
"3392","200512"
"3393","200512"
"3395","200601"
"3396","200602"
"3397","200602"
"3399","200602"
"3401","194905"
"3402","194905"
"3405","194905"
"3407","194905"
"3409","195403"
"3415","201509"
"3416","201509"
"3417","201510"
"3418","201510"
"3420","199712"
"3421","199806"
"3422","199902"
"3423","199906"
"3426","200009"
"3431","200309"
"3433","200312"
"3434","200404"
"3435","200506"
"3436","200511"
"3437","200606"
"3439","200707"
"3440","200708"
"3441","200710"
"3443","200902"
"3444","201110"
"3445","201503"
"3446","201802"
"3447","201803"
"3449","201912"
"3452","201412"
"3454","201502"
"3457","201503"
"3458","201504"
"3461","201508"
"3465","201512"
"3467","201603"
"3469","201607"
"3474","201609"
"3475","201612"
"3477","201612"
"3479","201703"
"3480","201707"
"3482","201709"
"3484","201710"
"3486","201712"
"3489","201803"
"3490","201803"
"3491","201807"
"3494","201809"
"3495","201809"
"3496","201809"
"3497","201810"
"3498","201811"
"3501","194905"
"3512","195102"
"3513","195105"
"3521","194906"
"3524","194905"
"3526","195001"
"3529","196110"
"3536","201603"
"3537","201603"
"3538","201603"
"3539","201604"
"3540","201712"
"3541","201606"
"3542","201606"
"3543","201606"
"3544","201608"
"3546","201609"
"3547","201609"
"3548","201611"
"3549","201611"
"3550","201611"
"3551","195104"
"3553","196109"
"3556","201612"
"3557","201702"
"3558","201703"
"3559","201703"
"3560","201703"
"3561","201703"
"3562","201703"
"3563","201703"
"3565","201704"
"3566","201707"
"3569","196212"
"3571","195005"
"3577","196110"
"3580","197010"
"3583","194905"
"3591","196409"
"3593","199112"
"3597","199402"
"3598","199404"
"3600","199409"
"3604","200112"
"3607","200405"
"3608","201106"
"3611","201712"
"3612","201809"
"3622","200803"
"3623","200803"
"3624","200803"
"3625","200803"
"3626","200804"
"3627","200805"
"3628","200809"
"3632","200812"
"3633","200812"
"3634","200904"
"3635","200904"
"3636","200909"
"3639","201006"
"3640","201006"
"3641","201006"
"3645","201012"
"3646","201103"
"3647","201103"
"3648","201103"
"3649","201103"
"3652","201106"
"3653","201107"
"3655","201109"
"3656","201109"
"3657","201110"
"3659","201112"
"3660","201203"
"3661","201203"
"3662","201204"
"3663","201204"
"3664","201206"
"3665","201207"
"3666","201212"
"3667","201212"
"3668","201212"
"3670","201302"
"3671","201303"
"3672","201303"
"3673","201303"
"3674","201304"
"3675","201306"
"3676","201310"
"3677","201310"
"3678","201311"
"3679","201311"
"3680","201312"
"3681","201312"
"3682","201312"
"3683","201403"
"3686","201403"
"3687","201404"
"3688","201407"
"3690","201409"
"3691","201409"
"3692","201409"
"3694","201410"
"3695","201410"
"3696","201410"
"3697","201411"
"3698","201411"
"3708","200704"
"3710","200304"
"3712","200305"
"3719","200309"
"3723","200312"
"3726","200312"
"3727","200312"
"3733","200402"
"3738","200404"
"3741","200406"
"3744","200408"
"3747","200409"
"3750","200410"
"3753","200411"
"3758","200412"
"3760","200412"
"3762","200502"
"3763","200503"
"3765","200503"
"3766","200503"
"3768","200503"
"3769","200504"
"3770","200505"
"3771","200506"
"3772","200506"
"3773","200506"
"3774","200512"
"3776","200508"
"3777","200509"
"3778","200510"
"3779","200510"
"3784","200512"
"3787","200512"
"3788","200512"
"3791","200512"
"3793","200602"
"3796","200602"
"3798","200602"
"3799","200606"
"3800","200603"
"3802","200604"
"3803","200604"
"3804","200604"
"3807","200606"
"3810","200607"
"3814","200609"
"3815","200609"
"3816","200609"
"3817","200609"
"3823","200610"
"3825","200612"
"3826","200612"
"3834","200612"
"3835","200612"
"3836","200702"
"3837","200702"
"3839","200703"
"3840","200703"
"3841","200703"
"3842","200703"
"3843","200703"
"3844","200703"
"3845","200703"
"3847","200704"
"3848","200704"
"3850","200706"
"3851","200706"
"3852","200706"
"3853","200706"
"3854","200706"
"3856","200709"
"3857","200710"
"3858","200711"
"3861","194912"
"3863","201304"
"3864","194905"
"3865","194905"
"3877","195601"
"3878","196108"
"3880","197901"
"3891","199602"
"3892","200012"
"3895","200502"
"3896","201210"
"3900","201412"
"3901","201412"
"3902","201412"
"3903","201412"
"3904","201412"
"3905","201412"
"3907","201502"
"3908","201503"
"3909","201503"
"3910","201503"
"3911","201503"
"3912","201503"
"3913","201503"
"3914","201504"
"3915","201504"
"3916","201506"
"3917","201507"
"3918","201508"
"3920","201509"
"3921","201511"
"3922","201603"
"3923","201512"
"3924","201512"
"3925","201512"
"3926","201512"
"3927","201512"
"3928","201512"
"3929","201512"
"3930","201602"
"3931","201603"
"3932","201603"
"3933","201603"
"3934","201603"
"3935","201604"
"3936","201604"
"3937","201606"
"3939","201609"
"3940","201609"
"3941","194905"
"3943","198005"
"3944","196209"
"3945","196405"
"3946","197404"
"3947","197607"
"3948","198808"
"3950","199109"
"3951","199308"
"3953","199502"
"3954","199904"
"3955","200007"
"3958","202309"
"3961","201609"
"3962","201609"
"3963","201609"
"3964","201703"
"3965","201610"
"3967","201611"
"3968","201612"
"3969","201612"
"3970","201612"
"3974","201612"
"3976","201701"
"3978","201703"
"3979","201703"
"3981","201703"
"3983","201703"
"3984","201703"
"3985","201704"
"3986","201706"
"3987","201706"
"3988","201706"
"3989","201708"
"3990","201708"
"3991","201709"
"3992","201709"
"3993","201709"
"3994","201709"
"3995","201710"
"3996","201711"
"3997","201711"
"3998","201712"
"4004","194905"
"4005","194905"
"4008","195207"
"4011","202009"
"4012","202009"
"4013","202010"
"4014","202010"
"4015","202011"
"4016","202011"
"4017","202011"
"4019","202012"
"4020","202012"
"4021","194905"
"4022","194905"
"4023","194905"
"4025","194905"
"4026","198902"
"4027","194905"
"4028","194907"
"4031","196110"
"4040","202304"
"4041","194905"
"4042","194905"
"4043","194905"
"4044","194905"
"4045","194905"
"4046","194905"
"4047","196110"
"4051","202007"
"4052","202006"
"4053","202007"
"4054","202007"
"4055","202008"
"4056","202008"
"4057","202008"
"4058","202009"
"4059","202009"
"4060","202009"
"4061","194905"
"4062","194905"
"4063","194905"
"4064","194905"
"4068","202106"
"4069","202106"
"4071","202106"
"4072","202107"
"4073","202109"
"4074","202107"
"4075","202107"
"4076","202108"
"4078","195003"
"4080","200002"
"4082","200412"
"4088","195004"
"4091","194905"
"4092","194905"
"4093","196110"
"4094","196110"
"4095","196110"
"4097","196207"
"4098","196210"
"4099","196210"
"4100","196302"
"4102","196401"
"4107","199010"
"4109","199910"
"4112","194905"
"4113","194912"
"4114","195205"
"4116","196110"
"4118","194910"
"4119","196110"
"4120","196302"
"4124","201710"
"4125","202112"
"4151","194908"
"4165","202012"
"4166","202012"
"4167","202012"
"4168","202012"
"4169","202012"
"4170","202012"
"4171","202012"
"4172","202012"
"4173","202102"
"4174","202102"
"4175","202102"
"4176","202103"
"4177","202103"
"4178","202103"
"4179","202103"
"4180","202103"
"4182","195402"
"4183","196210"
"4185","197010"
"4186","198607"
"4187","198707"
"4188","200510"
"4189","201610"
"4192","202103"
"4193","202104"
"4194","202104"
"4196","202104"
"4197","202312"
"4198","202106"
"4199","202106"
"4202","194905"
"4203","194905"
"4204","195303"
"4205","196109"
"4206","194905"
"4208","194905"
"4212","197104"
"4215","196110"
"4216","196110"
"4218","196110"
"4220","196110"
"4221","196201"
"4222","196207"
"4224","196209"
"4228","196409"
"4229","196305"
"4231","198702"
"4234","200004"
"4235","200302"
"4237","200406"
"4238","200507"
"4240","200604"
"4241","200606"
"4242","200706"
"4243","200709"
"4245","201312"
"4246","201403"
"4247","201406"
"4248","201412"
"4249","201712"
"4251","201910"
"4255","202112"
"4256","202112"
"4258","202112"
"4259","202112"
"4260","202112"
"4261","202112"
"4262","202112"
"4263","202112"
"4264","202112"
"4265","202112"
"4267","202202"
"4268","202202"
"4270","202202"
"4272","194905"
"4274","196306"
"4275","201310"
"4284","200107"
"4286","200107"
"4287","200107"
"4288","200107"
"4290","200107"
"4293","200108"
"4295","200109"
"4298","200109"
"4299","200109"
"4301","200109"
"4304","200109"
"4307","200112"
"4308","200109"
"4310","200205"
"4312","200110"
"4316","200201"
"4317","200110"
"4318","200110"
"4319","200110"
"4320","200110"
"4323","200111"
"4324","200111"
"4326","200111"
"4331","200112"
"4333","200112"
"4334","200112"
"4335","200112"
"4337","200201"
"4341","200202"
"4343","200202"
"4344","200612"
"4345","200203"
"4346","200203"
"4347","200203"
"4348","200203"
"4350","200203"
"4351","200203"
"4356","200204"
"4360","202110"
"4361","196110"
"4362","197912"
"4365","199111"
"4366","199610"
"4367","199710"
"4368","200105"
"4369","200708"
"4370","202109"
"4371","202109"
"4372","202109"
"4373","202109"
"4374","202109"
"4375","202109"
"4376","202110"
"4377","202110"
"4378","202110"
"4379","202111"
"4380","201802"
"4381","201803"
"4382","201804"
"4384","201805"
"4385","201806"
"4386","201806"
"4387","201806"
"4388","201806"
"4389","201806"
"4390","201806"
"4391","201807"
"4392","201807"
"4393","201807"
"4394","201807"
"4395","201807"
"4396","201808"
"4397","201808"
"4398","201809"
"4401","194905"
"4403","194909"
"4404","194905"
"4406","194909"
"4409","196205"
"4410","198511"
"4412","202111"
"4413","202111"
"4414","202112"
"4415","202112"
"4416","202112"
"4417","202112"
"4418","202112"
"4419","202112"
"4420","201810"
"4421","201810"
"4422","201810"
"4424","201812"
"4425","201812"
"4427","201812"
"4428","201812"
"4429","201902"
"4430","201902"
"4431","201902"
"4432","202103"
"4433","201903"
"4434","201903"
"4435","201903"
"4436","201903"
"4437","201903"
"4438","201903"
"4439","201904"
"4440","201904"
"4441","201904"
"4442","201905"
"4443","201906"
"4444","201906"
"4445","201906"
"4446","201907"
"4447","201909"
"4448","201909"
"4449","201909"
"4450","201910"
"4452","194905"
"4461","194905"
"4462","199111"
"4463","199309"
"4464","200106"
"4465","200304"
"4471","196805"
"4475","201910"
"4476","201910"
"4477","201910"
"4478","201912"
"4479","201912"
"4480","201912"
"4481","201912"
"4482","201912"
"4483","201912"
"4484","201912"
"4485","201912"
"4486","201912"
"4487","201912"
"4488","201912"
"4489","202106"
"4490","202003"
"4491","202003"
"4492","202003"
"4493","202003"
"4494","202011"
"4495","202007"
"4496","202006"
"4498","202104"
"4499","202007"
"4502","194905"
"4503","194905"
"4506","194905"
"4507","194905"
"4512","194905"
"4516","194906"
"4519","195603"
"4521","196110"
"4523","196109"
"4524","196106"
"4526","196110"
"4527","196110"
"4528","196206"
"4530","196209"
"4531","196210"
"4534","196305"
"4536","196311"
"4538","197010"
"4539","197110"
"4540","197808"
"4543","198206"
"4544","198309"
"4547","198812"
"4548","198911"
"4549","199001"
"4551","196306"
"4552","199210"
"4553","199407"
"4554","199506"
"4556","199512"
"4558","199708"
"4559","199812"
"4563","200209"
"4564","200312"
"4565","200407"
"4568","200509"
"4569","200603"
"4570","200703"
"4571","200803"
"4572","200803"
"4574","200903"
"4575","200909"
"4576","200910"
"4577","201003"
"4578","201012"
"4579","201107"
"4581","201110"
"4582","201110"
"4583","201112"
"4584","201211"
"4586","201302"
"4587","201306"
"4588","201312"
"4591","201409"
"4592","201504"
"4593","201506"
"4594","201510"
"4595","201512"
"4596","201612"
"4597","201703"
"4598","201810"
"4599","201908"
"4611","194905"
"4612","194905"
"4613","194905"
"4615","195106"
"4616","195307"
"4617","194907"
"4619","196110"
"4620","196208"
"4623","197704"
"4624","197912"
"4625","198806"
"4626","199009"
"4627","199306"
"4628","199410"
"4629","199510"
"4631","195005"
"4633","196110"
"4634","196110"
"4635","196110"
"4636","199708"
"4641","199606"
"4642","199607"
"4644","199607"
"4645","199607"
"4650","199609"
"4651","199609"
"4657","199611"
"4658","199611"
"4659","199611"
"4661","199612"
"4662","199612"
"4664","199701"
"4665","200612"
"4666","199703"
"4667","199704"
"4668","199704"
"4671","199704"
"4673","199707"
"4674","199707"
"4676","199708"
"4678","199709"
"4679","199709"
"4680","199708"
"4681","199709"
"4684","199812"
"4685","199710"
"4686","199710"
"4687","199710"
"4689","199711"
"4690","199711"
"4691","201910"
"4694","199911"
"4704","199808"
"4705","199809"
"4707","199810"
"4709","199811"
"4712","199811"
"4714","199812"
"4716","199902"
"4718","199902"
"4719","199904"
"4720","199904"
"4722","199906"
"4725","199907"
"4726","199907"
"4728","199908"
"4732","199909"
"4733","199910"
"4735","199910"
"4736","199911"
"4743","200002"
"4745","200003"
"4746","200003"
"4748","200003"
"4750","200003"
"4751","200003"
"4752","200004"
"4754","200004"
"4755","200004"
"4760","200006"
"4761","200006"
"4762","200006"
"4763","200006"
"4765","200006"
"4766","200007"
"4767","200007"
"4768","200007"
"4769","200007"
"4770","200007"
"4771","200007"
"4772","200007"
"4776","200008"
"4777","200008"
"4781","200008"
"4783","200009"
"4784","200009"
"4792","200010"
"4800","200011"
"4801","200011"
"4809","200412"
"4811","202310"
"4812","200011"
"4813","200102"
"4814","200012"
"4816","200012"
"4819","200012"
"4820","200012"
"4824","200012"
"4825","200012"
"4826","200101"
"4828","200102"
"4829","200102"
"4832","200103"
"4833","200103"
"4837","200104"
"4838","200104"
"4839","200104"
"4840","200104"
"4845","200105"
"4847","200106"
"4848","200106"
"4849","200106"
"4875","200502"
"4880","201910"
"4881","202012"
"4882","202106"
"4883","202008"
"4884","202012"
"4885","202102"
"4886","202104"
"4887","202104"
"4888","202104"
"4889","202109"
"4890","202206"
"4891","202211"
"4892","202212"
"4893","202306"
"4894","202306"
"4896","202310"
"4901","194905"
"4902","194905"
"4911","194905"
"4912","194905"
"4914","196301"
"4917","198811"
"4918","199604"
"4919","199606"
"4920","199607"
"4921","199811"
"4922","199912"
"4923","200209"
"4925","200306"
"4926","200909"
"4927","201012"
"4928","201103"
"4929","201212"
"4930","202009"
"4931","201906"
"4932","202106"
"4933","202009"
"4934","202010"
"4935","202012"
"4936","202102"
"4937","202106"
"4951","198401"
"4955","199306"
"4956","199409"
"4957","199502"
"4958","199506"
"4960","199508"
"4966","199711"
"4967","199904"
"4968","199911"
"4970","200003"
"4971","200101"
"4972","200104"
"4973","200212"
"4974","200412"
"4975","200512"
"4976","200802"
"4977","201112"
"4978","201306"
"4979","201406"
"4980","201507"
"4985","200511"
"4987","197712"
"4990","196304"
"4992","196110"
"4994","200204"
"4996","196211"
"4997","196307"
"4998","196405"
"5009","197005"
"5010","196307"
"5011","197001"
"5013","198512"
"5015","199503"
"5017","200301"
"5018","200311"
"5019","200610"
"5020","201004"
"5021","201510"
"5025","202202"
"5026","202205"
"5027","202303"
"5028","202204"
"5029","202204"
"5031","202204"
"5032","202206"
"5033","202206"
"5034","202207"
"5035","202207"
"5036","202208"
"5038","202209"
"5070","202003"
"5071","202003"
"5074","202104"
"5076","202110"
"5078","202203"
"5079","202203"
"5101","195004"
"5103","195212"
"5105","194905"
"5108","196110"
"5110","197501"
"5121","194905"
"5122","194906"
"5125","202209"
"5126","202209"
"5127","202209"
"5129","202210"
"5131","202210"
"5132","202210"
"5133","202211"
"5134","202211"
"5136","202211"
"5137","202212"
"5138","202212"
"5139","202212"
"5142","196110"
"5161","199111"
"5162","199809"
"5184","199708"
"5185","199410"
"5186","199010"
"5187","199007"
"5189","196403"
"5191","194907"
"5192","195807"
"5194","196110"
"5195","196201"
"5199","198009"
"5201","195006"
"5202","195006"
"5204","196107"
"5208","196110"
"5210","196110"
"5212","196306"
"5214","197304"
"5216","199501"
"5217","199909"
"5218","200510"
"5232","194905"
"5233","194905"
"5237","194905"
"5240","202212"
"5242","202212"
"5243","202212"
"5244","202212"
"5246","202212"
"5247","202212"
"5248","202301"
"5250","202302"
"5252","202303"
"5253","202303"
"5254","202303"
"5255","202303"
"5256","202303"
"5257","202303"
"5258","202304"
"5259","202304"
"5261","194905"
"5262","194905"
"5268","196110"
"5269","196110"
"5271","196209"
"5273","196306"
"5277","199109"
"5279","199302"
"5280","199311"
"5282","199504"
"5283","199505"
"5284","199510"
"5285","199511"
"5287","199901"
"5288","200504"
"5290","201810"
"5301","194905"
"5302","194905"
"5304","196307"
"5310","200603"
"5331","194905"
"5332","194905"
"5333","194905"
"5334","194905"
"5337","194905"
"5341","196606"
"5344","199508"
"5351","194905"
"5352","194905"
"5355","195004"
"5357","194909"
"5363","196110"
"5367","196306"
"5368","202003"
"5380","200102"
"5381","200102"
"5384","199504"
"5386","199408"
"5388","198906"
"5391","194905"
"5393","196110"
"5395","196110"
"5401","195010"
"5406","194905"
"5408","194905"
"5410","195701"
"5411","200209"
"5423","197407"
"5440","200612"
"5444","196110"
"5445","197106"
"5446","194906"
"5449","199412"
"5451","194905"
"5458","196110"
"5461","196110"
"5463","196203"
"5464","197306"
"5471","195009"
"5476","195202"
"5480","194905"
"5481","198011"
"5482","194905"
"5484","199709"
"5491","194905"
"5527","202212"
"5532","202306"
"5533","202306"
"5535","202310"
"5541","195201"
"5542","196305"
"5563","194905"
"5570","202304"
"5571","202304"
"5572","202304"
"5574","202306"
"5575","202306"
"5576","202306"
"5577","202306"
"5578","202306"
"5580","202306"
"5582","202307"
"5585","202307"
"5586","202307"
"5587","202308"
"5588","202309"
"5589","202309"
"5590","202309"
"5591","202309"
"5592","202310"
"5595","202312"
"5596","202312"
"5597","202312"
"5599","202312"
"5602","194905"
"5603","195204"
"5609","196110"
"5610","196111"
"5612","196207"
"5616","202312"
"5618","202312"
"5619","202312"
"5621","202312"
"5631","195106"
"5632","195104"
"5644","196211"
"5658","196110"
"5659","196203"
"5660","196208"
"5695","199002"
"5697","199612"
"5698","201309"
"5699","201808"
"5702","197907"
"5703","201210"
"5704","201611"
"5706","195010"
"5707","194905"
"5711","195009"
"5713","195006"
"5714","194908"
"5715","194905"
"5721","195312"
"5724","200811"
"5726","200203"
"5727","196110"
"5729","194909"
"5741","200512"
"5742","200606"
"5753","194905"
"5757","199312"
"5759","202106"
"5781","196410"
"5801","194905"
"5802","194905"
"5803","194905"
"5805","194905"
"5809","195402"
"5816","198608"
"5817","198712"
"5819","199112"
"5820","199602"
"5821","200605"
"5830","202210"
"5831","202210"
"5832","202210"
"5834","202210"
"5838","202304"
"5842","202309"
"5843","202310"
"5844","202310"
"5845","202310"
"5851","196006"
"5852","196110"
"5856","200410"
"5857","200904"
"5867","202312"
"5868","202312"
"5869","202312"
"5870","202312"
"5884","202306"
"5885","202306"
"5888","202311"
"5889","202311"
"5891","202312"
"5892","202312"
"5900","199702"
"5901","194905"
"5902","195005"
"5903","199701"
"5905","196312"
"5906","198909"
"5909","199611"
"5911","196110"
"5915","196108"
"5918","196110"
"5921","196201"
"5922","196202"
"5923","196206"
"5928","199112"
"5929","196309"
"5930","197311"
"5932","201212"
"5933","199303"
"5935","199310"
"5936","197510"
"5938","198508"
"5939","198811"
"5940","199208"
"5941","199611"
"5942","196110"
"5943","198408"
"5945","198811"
"5946","197909"
"5947","197911"
"5949","199002"
"5950","198111"
"5951","199011"
"5952","196110"
"5955","196209"
"5956","199601"
"5957","196802"
"5958","197102"
"5959","197207"
"5962","194905"
"5965","199608"
"5966","198003"
"5967","196305"
"5969","196411"
"5970","199604"
"5971","199603"
"5973","199512"
"5974","196111"
"5975","196208"
"5976","196404"
"5981","194905"
"5982","199510"
"5983","199504"
"5984","199504"
"5985","196410"
"5986","196309"
"5987","199702"
"5988","199504"
"5989","199409"
"5990","199403"
"5991","195403"
"5992","196110"
"5994","196206"
"5997","199306"
"5998","196405"
"6005","198212"
"6013","194905"
"6016","196110"
"6018","195509"
"6022","196110"
"6023","197711"
"6026","201412"
"6027","201412"
"6028","201412"
"6029","201412"
"6030","201412"
"6031","201412"
"6033","201412"
"6034","201412"
"6035","201502"
"6036","201502"
"6037","201502"
"6038","201503"
"6039","201503"
"6040","201504"
"6042","196110"
"6044","201504"
"6045","201504"
"6046","201504"
"6047","201504"
"6048","201504"
"6049","201507"
"6050","201012"
"6054","201112"
"6055","201112"
"6058","201203"
"6059","201204"
"6060","201204"
"6061","201204"
"6062","201204"
"6063","201206"
"6069","201210"
"6070","201211"
"6071","201212"
"6072","201212"
"6073","201303"
"6074","201306"
"6078","201310"
"6080","201311"
"6081","201311"
"6082","201312"
"6083","201312"
"6085","201312"
"6086","201312"
"6087","201312"
"6088","201312"
"6089","201312"
"6090","201312"
"6091","201402"
"6092","201403"
"6093","201403"
"6094","201406"
"6095","201406"
"6096","201406"
"6098","201410"
"6099","201411"
"6101","194906"
"6103","194905"
"6104","194908"
"6113","196110"
"6118","196206"
"6121","196209"
"6125","196306"
"6131","196307"
"6134","196405"
"6135","196407"
"6136","196412"
"6137","196910"
"6138","196206"
"6140","197210"
"6141","197911"
"6143","198602"
"6144","198612"
"6145","198901"
"6146","198910"
"6147","199003"
"6149","199107"
"6150","199207"
"6151","199510"
"6155","200102"
"6156","200303"
"6157","200411"
"6158","200506"
"6159","200506"
"6161","200601"
"6164","200712"
"6165","201212"
"6166","201506"
"6167","201506"
"6171","201508"
"6173","201508"
"6176","201509"
"6177","201510"
"6178","201511"
"6180","201510"
"6181","201510"
"6182","201511"
"6183","201511"
"6184","201512"
"6185","201512"
"6186","201512"
"6188","201603"
"6189","201603"
"6190","201603"
"6191","201603"
"6192","201604"
"6193","201606"
"6194","201606"
"6195","201606"
"6196","201606"
"6197","201606"
"6198","201606"
"6199","201607"
"6200","201607"
"6201","194905"
"6203","194905"
"6208","195301"
"6209","202310"
"6210","194905"
"6217","196110"
"6218","195308"
"6222","199012"
"6223","202310"
"6224","202308"
"6226","202203"
"6227","202107"
"6228","202309"
"6229","202012"
"6230","202012"
"6231","202003"
"6232","201812"
"6233","201809"
"6235","201712"
"6236","201604"
"6237","201603"
"6238","201512"
"6239","201506"
"6240","201410"
"6245","196204"
"6246","196401"
"6247","197111"
"6248","201306"
"6249","201104"
"6250","200812"
"6254","200710"
"6255","200706"
"6257","200702"
"6258","200612"
"6262","200602"
"6264","200612"
"6265","200410"
"6266","200407"
"6267","200312"
"6268","200309"
"6269","200307"
"6272","198511"
"6273","198712"
"6276","198903"
"6277","198906"
"6278","198906"
"6279","198910"
"6282","198912"
"6284","199005"
"6286","199010"
"6287","199010"
"6289","199104"
"6291","199111"
"6292","199112"
"6293","199112"
"6294","199208"
"6297","199403"
"6298","199406"
"6301","194905"
"6302","194905"
"6305","198112"
"6306","194905"
"6307","199509"
"6309","199605"
"6310","196007"
"6312","199607"
"6315","199609"
"6316","196110"
"6317","196108"
"6319","196208"
"6322","199710"
"6323","199712"
"6324","199803"
"6325","196211"
"6326","194905"
"6327","199806"
"6328","199811"
"6330","198011"
"6331","195003"
"6332","194905"
"6333","199905"
"6334","194905"
"6335","194905"
"6336","199912"
"6337","200004"
"6338","200004"
"6339","195406"
"6340","198202"
"6342","196110"
"6343","196307"
"6345","198101"
"6346","196404"
"6347","197312"
"6349","198304"
"6351","198105"
"6356","196110"
"6357","196411"
"6358","196409"
"6360","196307"
"6361","194905"
"6362","194905"
"6363","194905"
"6364","198010"
"6365","196110"
"6366","196103"
"6367","194905"
"6368","196110"
"6369","196110"
"6370","196110"
"6371","194905"
"6373","196110"
"6376","196110"
"6378","196110"
"6379","196110"
"6380","196110"
"6381","196110"
"6382","196308"
"6383","196110"
"6384","200012"
"6387","200105"
"6390","196208"
"6391","196207"
"6392","196209"
"6393","196210"
"6395","196209"
"6396","196211"
"6400","200108"
"6402","200203"
"6403","196306"
"6405","200304"
"6406","196305"
"6407","196210"
"6408","196305"
"6411","198608"
"6412","198808"
"6413","198910"
"6416","199109"
"6417","199110"
"6418","199309"
"6419","199311"
"6420","199402"
"6424","199610"
"6425","199809"
"6428","200010"
"6430","200211"
"6432","200212"
"6433","200406"
"6436","196110"
"6440","196110"
"6444","196208"
"6445","196209"
"6448","196301"
"6454","197003"
"6455","197305"
"6457","198311"
"6458","198508"
"6459","198510"
"6460","200410"
"6463","196110"
"6464","201512"
"6465","200812"
"6466","200003"
"6467","200003"
"6469","199910"
"6470","199903"
"6471","194905"
"6472","194905"
"6473","194905"
"6474","194905"
"6479","196110"
"6480","196310"
"6481","198911"
"6482","199612"
"6484","199311"
"6485","199110"
"6486","198201"
"6488","199010"
"6489","198702"
"6490","198405"
"6492","196204"
"6493","196209"
"6494","196305"
"6495","196309"
"6496","197112"
"6497","197206"
"6498","196110"
"6501","194905"
"6503","194905"
"6504","194905"
"6505","194905"
"6506","194905"
"6507","195202"
"6508","194905"
"6513","196110"
"6516","196209"
"6517","198009"
"6518","199509"
"6521","202104"
"6522","202109"
"6523","202110"
"6524","202112"
"6525","202310"
"6526","202210"
"6532","201609"
"6533","201609"
"6535","201610"
"6537","201611"
"6538","201612"
"6539","201612"
"6540","201612"
"6542","201701"
"6543","201702"
"6544","201703"
"6545","201703"
"6546","201703"
"6547","201703"
"6548","201704"
"6549","201706"
"6550","201706"
"6551","201706"
"6552","201706"
"6554","201709"
"6555","201710"
"6556","201710"
"6557","201912"
"6558","201711"
"6560","201712"
"6561","201712"
"6562","201712"
"6563","201712"
"6564","201712"
"6565","201712"
"6566","201712"
"6567","201803"
"6568","201803"
"6570","201803"
"6571","201803"
"6572","201803"
"6573","201803"
"6574","201804"
"6577","201804"
"6578","201804"
"6579","201806"
"6580","201806"
"6584","196110"
"6586","196208"
"6588","196211"
"6590","196910"
"6592","198407"
"6594","198811"
"6597","201909"
"6599","202006"
"6612","202012"
"6613","202102"
"6614","202103"
"6615","201603"
"6616","201404"
"6617","201210"
"6618","201206"
"6619","201112"
"6620","201110"
"6622","195311"
"6625","201110"
"6626","201106"
"6627","201012"
"6629","201004"
"6630","200912"
"6632","200810"
"6633","200707"
"6634","200706"
"6635","200703"
"6637","200703"
"6638","200703"
"6640","200611"
"6643","196110"
"6644","196201"
"6645","196204"
"6647","196209"
"6648","200411"
"6651","198101"
"6652","198211"
"6653","199010"
"6654","199406"
"6656","200606"
"6658","200603"
"6659","200603"
"6662","200506"
"6663","200412"
"6664","200411"
"6666","200408"
"6668","200407"
"6670","200406"
"6674","200404"
"6675","200402"
"6676","200310"
"6677","200309"
"6678","200309"
"6694","201703"
"6696","201708"
"6697","201709"
"6698","201712"
"6699","201810"
"6701","194905"
"6702","194905"
"6703","195111"
"6704","195703"
"6706","196110"
"6707","196110"
"6715","197410"
"6718","199011"
"6721","200309"
"6723","200307"
"6724","200306"
"6727","200304"
"6728","200404"
"6730","200212"
"6731","200212"
"6734","200207"
"6736","200203"
"6737","200203"
"6740","201403"
"6741","194905"
"6742","194905"
"6743","196209"
"6744","196212"
"6745","196307"
"6748","198912"
"6750","200611"
"6752","194905"
"6753","194905"
"6754","196110"
"6755","195509"
"6757","200108"
"6758","195812"
"6762","196109"
"6763","196110"
"6768","196110"
"6769","200108"
"6770","196110"
"6771","196110"
"6772","196110"
"6775","196110"
"6776","196110"
"6777","200107"
"6778","200107"
"6779","196306"
"6785","200102"
"6786","200012"
"6787","200012"
"6788","200011"
"6789","200010"
"6794","196205"
"6798","196209"
"6800","196210"
"6803","197004"
"6804","196308"
"6806","197212"
"6807","197304"
"6809","197709"
"6810","201403"
"6814","198210"
"6817","198808"
"6819","199004"
"6820","199012"
"6822","199508"
"6823","199602"
"6824","199611"
"6832","200008"
"6834","200007"
"6835","200007"
"6836","200007"
"6837","199911"
"6838","199908"
"6840","199811"
"6841","194905"
"6844","196110"
"6845","196110"
"6848","196111"
"6849","196111"
"6850","196204"
"6853","196306"
"6855","199808"
"6856","197103"
"6857","198302"
"6858","198308"
"6859","198309"
"6861","198710"
"6862","198811"
"6863","198910"
"6864","199004"
"6866","199107"
"6867","199111"
"6869","199511"
"6870","199606"
"6871","199704"
"6874","199806"
"6875","199808"
"6877","199806"
"6879","199709"
"6882","199709"
"6888","199612"
"6890","199610"
"6894","199608"
"6897","199602"
"6898","199512"
"6899","199509"
"6901","194905"
"6902","195112"
"6904","199504"
"6905","199412"
"6907","199411"
"6908","199409"
"6912","199111"
"6914","199107"
"6915","199104"
"6918","199102"
"6919","199012"
"6920","199012"
"6923","196110"
"6925","197005"
"6926","197009"
"6927","200212"
"6928","199011"
"6929","199011"
"6930","199009"
"6932","199002"
"6937","196112"
"6938","198911"
"6941","198812"
"6942","198812"
"6943","198809"
"6946","198802"
"6947","198706"
"6951","196204"
"6952","197009"
"6954","197611"
"6955","196910"
"6957","198509"
"6958","198507"
"6960","198205"
"6961","198206"
"6962","198303"
"6963","198311"
"6964","198405"
"6965","198408"
"6966","198409"
"6967","198412"
"6969","197406"
"6971","197110"
"6973","196212"
"6976","197003"
"6977","196410"
"6981","196303"
"6982","196307"
"6986","198504"
"6988","196208"
"6989","196208"
"6993","196110"
"6994","196110"
"6995","196110"
"6996","196110"
"6997","197009"
"6998","196110"
"6999","196112"
"7003","194905"
"7004","194905"
"7011","195005"
"7012","194905"
"7013","194905"
"7014","194906"
"7018","197411"
"7021","195110"
"7022","201110"
"7030","201806"
"7031","202012"
"7033","201807"
"7034","201807"
"7035","201809"
"7036","201809"
"7037","201812"
"7038","201809"
"7039","201810"
"7040","201810"
"7041","201810"
"7042","201811"
"7043","201812"
"7044","201812"
"7046","201812"
"7047","201812"
"7048","201812"
"7049","201902"
"7050","201902"
"7057","201903"
"7058","201903"
"7059","201903"
"7060","201903"
"7061","201903"
"7062","201903"
"7063","201903"
"7064","201904"
"7065","201906"
"7066","201906"
"7067","201906"
"7068","201907"
"7069","201909"
"7071","201910"
"7072","201910"
"7073","201910"
"7074","201911"
"7077","201912"
"7078","201912"
"7079","201912"
"7080","201912"
"7081","202002"
"7082","202002"
"7083","202002"
"7084","202003"
"7085","202003"
"7086","202003"
"7087","202003"
"7088","202003"
"7089","202003"
"7090","202003"
"7091","202003"
"7092","202012"
"7093","202003"
"7094","202003"
"7095","202003"
"7096","202106"
"7097","202010"
"7102","194905"
"7105","194905"
"7110","202208"
"7111","202210"
"7112","202210"
"7114","202212"
"7115","202212"
"7116","202212"
"7119","202303"
"7120","202303"
"7122","194905"
"7126","202108"
"7127","202110"
"7128","202110"
"7129","202110"
"7130","202110"
"7131","202112"
"7133","202112"
"7134","202112"
"7135","202201"
"7138","202203"
"7140","202204"
"7148","201009"
"7150","201103"
"7157","201203"
"7161","201210"
"7162","201210"
"7163","202303"
"7164","201212"
"7167","201312"
"7172","201409"
"7173","201410"
"7175","201412"
"7177","201504"
"7180","201510"
"7181","201511"
"7182","201511"
"7183","201511"
"7184","201603"
"7185","201603"
"7186","201604"
"7187","201606"
"7189","201610"
"7191","201612"
"7192","201612"
"7196","201710"
"7198","201712"
"7199","201712"
"7201","195101"
"7202","194905"
"7203","194905"
"7205","194905"
"7208","200512"
"7211","198812"
"7212","199609"
"7213","200512"
"7214","200412"
"7215","201303"
"7217","200204"
"7218","200012"
"7219","199906"
"7220","199812"
"7222","196110"
"7224","196208"
"7226","198912"
"7228","199710"
"7229","199710"
"7231","194905"
"7235","196110"
"7236","196110"
"7238","196110"
"7239","198612"
"7240","196109"
"7241","196811"
"7242","195910"
"7244","196110"
"7245","196110"
"7246","196108"
"7247","196110"
"7250","196211"
"7254","196308"
"7255","196312"
"7256","196407"
"7259","195207"
"7261","194905"
"7264","199708"
"7265","199705"
"7266","199612"
"7267","195712"
"7268","199610"
"7269","194905"
"7270","196003"
"7271","199602"
"7272","196109"
"7273","199508"
"7276","194905"
"7277","197111"
"7278","197310"
"7279","197706"
"7280","197705"
"7282","197812"
"7283","198011"
"7284","198101"
"7287","198902"
"7291","199012"
"7292","199111"
"7294","199111"
"7296","199408"
"7297","199409"
"7298","199410"
"7299","199412"
"7305","194905"
"7309","197211"
"7313","200702"
"7314","200903"
"7315","201310"
"7317","202004"
"7318","202106"
"7320","201803"
"7322","201803"
"7325","201809"
"7326","201809"
"7327","201810"
"7330","202304"
"7337","202010"
"7338","202010"
"7342","202012"
"7343","202103"
"7345","202106"
"7347","202107"
"7350","202110"
"7351","202006"
"7352","202007"
"7353","202007"
"7354","202010"
"7356","202010"
"7357","202011"
"7358","202012"
"7359","202012"
"7360","202012"
"7361","202103"
"7362","202103"
"7363","202103"
"7366","202104"
"7367","202104"
"7368","202104"
"7369","202106"
"7370","202106"
"7371","202106"
"7372","202106"
"7373","202106"
"7374","202106"
"7375","202107"
"7376","202107"
"7377","202107"
"7378","202107"
"7379","202107"
"7380","202110"
"7381","202110"
"7383","202112"
"7384","202204"
"7386","202206"
"7388","202209"
"7389","202210"
"7399","199611"
"7408","198811"
"7409","202307"
"7412","199411"
"7413","199411"
"7414","199411"
"7416","199411"
"7417","199411"
"7419","199412"
"7420","199412"
"7421","199412"
"7422","199412"
"7425","199501"
"7426","199502"
"7427","199503"
"7433","199503"
"7434","199503"
"7435","199503"
"7438","199504"
"7442","199504"
"7443","199504"
"7444","199505"
"7445","199505"
"7446","199506"
"7447","199506"
"7450","199507"
"7451","199507"
"7453","199508"
"7455","199508"
"7456","199508"
"7458","199509"
"7459","199509"
"7460","199509"
"7461","199509"
"7462","199509"
"7463","199510"
"7464","199510"
"7466","199510"
"7467","199510"
"7472","199511"
"7475","199511"
"7476","199511"
"7477","199511"
"7480","199512"
"7481","199512"
"7482","199512"
"7483","199512"
"7486","199602"
"7487","199602"
"7490","199603"
"7494","199603"
"7500","199606"
"7501","199606"
"7502","199607"
"7504","199608"
"7505","199608"
"7506","199608"
"7508","199608"
"7509","199609"
"7510","199609"
"7512","199609"
"7513","199609"
"7514","199609"
"7515","199609"
"7516","199609"
"7518","199610"
"7520","199610"
"7521","199610"
"7522","199610"
"7523","199611"
"7524","199611"
"7525","199611"
"7527","199611"
"7531","199612"
"7532","199612"
"7537","199701"
"7538","199703"
"7539","199704"
"7544","199707"
"7545","199707"
"7550","199708"
"7551","199709"
"7552","199708"
"7554","199709"
"7555","199709"
"7559","199709"
"7561","199709"
"7562","199709"
"7564","199709"
"7565","199709"
"7567","199710"
"7570","199711"
"7571","199711"
"7575","199712"
"7578","199802"
"7581","199804"
"7585","199806"
"7590","199809"
"7593","199809"
"7595","199811"
"7596","199811"
"7599","199812"
"7600","199812"
"7601","199902"
"7602","199902"
"7603","199902"
"7604","199904"
"7605","199906"
"7606","199907"
"7607","199908"
"7608","199908"
"7609","199909"
"7610","199909"
"7611","199909"
"7613","199909"
"7614","199910"
"7615","199910"
"7616","199910"
"7619","199911"
"7621","199911"
"7623","199912"
"7624","199912"
"7625","199912"
"7628","200001"
"7630","200002"
"7634","200002"
"7635","200002"
"7636","200003"
"7637","200003"
"7638","200003"
"7640","200004"
"7643","200004"
"7646","200006"
"7647","200005"
"7649","200006"
"7670","201812"
"7673","201903"
"7674","201903"
"7676","201904"
"7677","201906"
"7678","201906"
"7679","201909"
"7681","201910"
"7682","201910"
"7683","201911"
"7685","201912"
"7686","201912"
"7687","202003"
"7689","202006"
"7692","202010"
"7694","202012"
"7695","202012"
"7698","202104"
"7699","202106"
"7701","194905"
"7702","198112"
"7705","199509"
"7707","200102"
"7709","200102"
"7711","199104"
"7713","199611"
"7715","199812"
"7716","200007"
"7717","200012"
"7718","198110"
"7719","196110"
"7721","194905"
"7722","200102"
"7723","194912"
"7725","200102"
"7726","196110"
"7727","196110"
"7729","196208"
"7730","200106"
"7731","194905"
"7732","194905"
"7733","194905"
"7734","196110"
"7735","196205"
"7739","198108"
"7740","198408"
"7741","196110"
"7743","198912"
"7744","199602"
"7745","200304"
"7746","200312"
"7747","200407"
"7749","200506"
"7751","194905"
"7752","194905"
"7760","200507"
"7762","194905"
"7769","196308"
"7771","199709"
"7774","200712"
"7775","200903"
"7776","201003"
"7777","201110"
"7779","201403"
"7780","201506"
"7781","201507"
"7782","201612"
"7791","202106"
"7792","202107"
"7793","202203"
"7794","202206"
"7795","202210"
"7800","201909"
"7803","201907"
"7804","201907"
"7805","201810"
"7806","201807"
"7807","201711"
"7808","201711"
"7809","201709"
"7810","201707"
"7811","201603"
"7812","201507"
"7813","201503"
"7814","201501"
"7815","201412"
"7816","201412"
"7817","201110"
"7818","201010"
"7819","200909"
"7820","200802"
"7821","200708"
"7822","200702"
"7823","200702"
"7826","200609"
"7827","200609"
"7829","200512"
"7831","200510"
"7832","200509"
"7833","200509"
"7836","200504"
"7837","200502"
"7839","200407"
"7840","200403"
"7841","200303"
"7844","200211"
"7846","200201"
"7847","200112"
"7849","200108"
"7850","200107"
"7851","200103"
"7856","200006"
"7857","200003"
"7859","199903"
"7860","199810"
"7863","200010"
"7864","199710"
"7865","199804"
"7867","199709"
"7868","199708"
"7871","199703"
"7872","199702"
"7874","199606"
"7875","199601"
"7877","199511"
"7878","199510"
"7879","199510"
"7883","199509"
"7885","199507"
"7886","199504"
"7887","199504"
"7888","199503"
"7893","199407"
"7896","199105"
"7897","198611"
"7898","197812"
"7899","199405"
"7901","199403"
"7902","199402"
"7906","199402"
"7908","199401"
"7911","194905"
"7912","194905"
"7914","196110"
"7915","196110"
"7916","196110"
"7917","199310"
"7918","196306"
"7919","196112"
"7921","198812"
"7922","198911"
"7923","199111"
"7925","199309"
"7927","199307"
"7928","199304"
"7931","200609"
"7932","196306"
"7936","196402"
"7937","199109"
"7938","199012"
"7939","199011"
"7940","201704"
"7942","199002"
"7943","198912"
"7944","202012"
"7946","198911"
"7947","198911"
"7949","198908"
"7951","194905"
"7952","195401"
"7953","198811"
"7955","198809"
"7956","198809"
"7957","198808"
"7958","198808"
"7962","198702"
"7963","198612"
"7965","198609"
"7966","198607"
"7970","198312"
"7971","194905"
"7972","196110"
"7974","196201"
"7975","196209"
"7976","196209"
"7979","196307"
"7980","196304"
"7981","196307"
"7983","196310"
"7984","197103"
"7985","197406"
"7986","197412"
"7987","197710"
"7988","197907"
"7989","198206"
"7990","197010"
"7991","196502"
"7992","194906"
"7994","196110"
"7995","196110"
"7997","196110"
"7999","198306"
"8001","195007"
"8002","195007"
"8005","197110"
"8006","197209"
"8007","194905"
"8008","197212"
"8011","197107"
"8012","196409"
"8013","194905"
"8014","195909"
"8015","196110"
"8016","196110"
"8018","196110"
"8020","196110"
"8022","196110"
"8023","198611"
"8025","196310"
"8029","198109"
"8030","196409"
"8031","194905"
"8032","196403"
"8035","198006"
"8037","198610"
"8038","195609"
"8039","196309"
"8040","198608"
"8041","196110"
"8043","196211"
"8045","196306"
"8046","196304"
"8050","194905"
"8051","196210"
"8052","196210"
"8053","194908"
"8056","197010"
"8057","196401"
"8058","195406"
"8059","196208"
"8060","198108"
"8061","196109"
"8065","196205"
"8066","196312"
"8068","198612"
"8070","196110"
"8072","199711"
"8074","196110"
"8075","196110"
"8076","196110"
"8077","196110"
"8078","196308"
"8079","198608"
"8081","196305"
"8084","196304"
"8085","196304"
"8086","198702"
"8088","196208"
"8089","196207"
"8091","196205"
"8093","198703"
"8095","196307"
"8097","196110"
"8098","196110"
"8101","197302"
"8103","197304"
"8104","197309"
"8105","197404"
"8107","197408"
"8111","198102"
"8113","197608"
"8114","197703"
"8115","197703"
"8117","197712"
"8118","197809"
"8119","197812"
"8123","197907"
"8125","197910"
"8127","198005"
"8129","198010"
"8130","198011"
"8131","196208"
"8132","196301"
"8133","197802"
"8135","198103"
"8136","198204"
"8137","198205"
"8138","198207"
"8139","198302"
"8140","198307"
"8141","198308"
"8142","198309"
"8143","198310"
"8144","198403"
"8147","198505"
"8150","198507"
"8151","198507"
"8152","198508"
"8153","198511"
"8154","198512"
"8155","198601"
"8157","196301"
"8158","198602"
"8159","198605"
"8160","198711"
"8163","198403"
"8165","198405"
"8166","198409"
"8167","198410"
"8173","197209"
"8174","197302"
"8179","197808"
"8181","197810"
"8182","197810"
"8185","198004"
"8194","198210"
"8198","200407"
"8200","198510"
"8202","198512"
"8203","198604"
"8207","198611"
"8208","198611"
"8209","198611"
"8214","198704"
"8215","198709"
"8217","198710"
"8218","198710"
"8219","198711"
"8225","199410"
"8226","198812"
"8227","198812"
"8230","198811"
"8233","194905"
"8237","196110"
"8242","194905"
"8244","194907"
"8247","194907"
"8252","196304"
"8253","196307"
"8254","196408"
"8255","198810"
"8256","198811"
"8260","196112"
"8267","197409"
"8273","197810"
"8275","198811"
"8276","198110"
"8278","198710"
"8279","198802"
"8281","198804"
"8282","198804"
"8283","201003"
"8285","198807"
"8289","198810"
"8291","195710"
"8301","198311"
"8304","200611"
"8306","200104"
"8308","200112"
"8309","200201"
"8316","200212"
"8331","197010"
"8334","196904"
"8336","196910"
"8337","197209"
"8338","197404"
"8341","197210"
"8343","197304"
"8344","197310"
"8345","197304"
"8346","197304"
"8349","199703"
"8354","200704"
"8358","196306"
"8359","197110"
"8360","197210"
"8361","197110"
"8362","197210"
"8364","198310"
"8365","199311"
"8366","197710"
"8367","197404"
"8368","197304"
"8370","201310"
"8377","200309"
"8381","198310"
"8383","199612"
"8386","197210"
"8387","197304"
"8388","197005"
"8392","197304"
"8393","197510"
"8395","197410"
"8399","198310"
"8410","200802"
"8411","200303"
"8416","200603"
"8418","200610"
"8421","201212"
"8424","200412"
"8425","200410"
"8439","200309"
"8462","200110"
"8473","200012"
"8508","199809"
"8511","195004"
"8515","199707"
"8518","199609"
"8522","196110"
"8524","201210"
"8537","199002"
"8541","197104"
"8542","197107"
"8544","197304"
"8550","198210"
"8551","198212"
"8558","199002"
"8562","199210"
"8563","199212"
"8566","199601"
"8570","199412"
"8572","199310"
"8584","197304"
"8585","197410"
"8591","197004"
"8593","198503"
"8595","198706"
"8596","198811"
"8600","201004"
"8601","196110"
"8604","196110"
"8609","197306"
"8613","198605"
"8614","198606"
"8616","198706"
"8617","198805"
"8622","198904"
"8624","198904"
"8628","200108"
"8630","201004"
"8697","200404"
"8698","200408"
"8699","200410"
"8700","200411"
"8704","200504"
"8705","200504"
"8706","200504"
"8707","200602"
"8708","200602"
"8713","200910"
"8714","200910"
"8715","201003"
"8725","200804"
"8732","200706"
"8737","200302"
"8739","200112"
"8742","199709"
"8746","199603"
"8747","199511"
"8750","201004"
"8766","200204"
"8769","200612"
"8771","200703"
"8772","200702"
"8783","200602"
"8789","200506"
"8793","200502"
"8795","200404"
"8798","200204"
"8801","194905"
"8802","195305"
"8803","194905"
"8804","194905"
"8818","194905"
"8830","197010"
"8835","194905"
"8836","197210"
"8841","198312"
"8842","194905"
"8844","198610"
"8848","198902"
"8850","198905"
"8854","198911"
"8860","199012"
"8864","199304"
"8869","199609"
"8871","199807"
"8876","199909"
"8877","199910"
"8881","200006"
"8886","200012"
"8887","200012"
"8889","200103"
"8890","200104"
"8891","200107"
"8892","200108"
"8893","200109"
"8894","200109"
"8897","200111"
"8898","200111"
"8903","200206"
"8904","200207"
"8905","200207"
"8908","200210"
"8912","200302"
"8914","200308"
"8917","200309"
"8918","200312"
"8919","201712"
"8920","200402"
"8923","200402"
"8925","200403"
"8927","200406"
"8928","200406"
"8929","200407"
"8931","200409"
"8934","200411"
"8935","200412"
"8938","200503"
"8940","200504"
"8944","200507"
"8945","200509"
"8946","200509"
"8995","200602"
"8996","200602"
"8999","200512"
"9001","194905"
"9003","194905"
"9005","194905"
"9006","194905"
"9007","194905"
"9008","194905"
"9009","194905"
"9010","195009"
"9012","196306"
"9017","194907"
"9020","199310"
"9021","199610"
"9022","199710"
"9024","201404"
"9025","201303"
"9028","200508"
"9029","200503"
"9031","194905"
"9033","194906"
"9034","200103"
"9036","199911"
"9037","199709"
"9039","199610"
"9041","194905"
"9042","194905"
"9044","194905"
"9045","195004"
"9046","194906"
"9048","194905"
"9049","194905"
"9051","199608"
"9052","194905"
"9055","199509"
"9057","199504"
"9058","199504"
"9059","199410"
"9060","199407"
"9063","199211"
"9064","194905"
"9065","196203"
"9066","195005"
"9067","196110"
"9068","196110"
"9069","196110"
"9070","196111"
"9072","196507"
"9073","196609"
"9074","196704"
"9075","197011"
"9076","197111"
"9078","197805"
"9081","194905"
"9082","194905"
"9083","194909"
"9087","198912"
"9090","201404"
"9099","201510"
"9101","194905"
"9104","194907"
"9107","195001"
"9110","195101"
"9115","194905"
"9119","194905"
"9127","195202"
"9130","196102"
"9142","201610"
"9143","201712"
"9145","202012"
"9147","202201"
"9158","202306"
"9159","202306"
"9160","202306"
"9161","202307"
"9162","202307"
"9163","202307"
"9164","202307"
"9165","202307"
"9166","202307"
"9168","202309"
"9171","195004"
"9173","194905"
"9193","196209"
"9201","201209"
"9202","196110"
"9204","202212"
"9206","201112"
"9211","202112"
"9212","202112"
"9213","202202"
"9214","202202"
"9215","202202"
"9216","202203"
"9218","202203"
"9219","202203"
"9220","202204"
"9221","202204"
"9223","202204"
"9225","202306"
"9227","202206"
"9229","202206"
"9232","196212"
"9233","196402"
"9235","202310"
"9236","202310"
"9237","202310"
"9238","202311"
"9240","202107"
"9241","202108"
"9242","202109"
"9244","202109"
"9245","202109"
"9246","202109"
"9247","202110"
"9248","202110"
"9249","202110"
"9250","202111"
"9251","202111"
"9252","202111"
"9253","202111"
"9254","202112"
"9256","202112"
"9257","202112"
"9258","202112"
"9259","202112"
"9260","201709"
"9262","201710"
"9263","201711"
"9264","201711"
"9265","201712"
"9267","201712"
"9268","201712"
"9270","201803"
"9271","201803"
"9272","201803"
"9273","201806"
"9274","201806"
"9275","201809"
"9278","201810"
"9279","201810"
"9301","194905"
"9302","195004"
"9303","195010"
"9304","195012"
"9305","195010"
"9306","194905"
"9307","194905"
"9308","196110"
"9310","194911"
"9311","196110"
"9312","196209"
"9313","196301"
"9319","197012"
"9322","199410"
"9324","199906"
"9325","201703"
"9326","202003"
"9327","202103"
"9330","202309"
"9331","202310"
"9332","202310"
"9336","202212"
"9337","202212"
"9338","202212"
"9339","202212"
"9340","202212"
"9341","202212"
"9342","202212"
"9343","202303"
"9344","202303"
"9345","202303"
"9346","202303"
"9347","202304"
"9348","202304"
"9351","194905"
"9353","194905"
"9355","195504"
"9360","196306"
"9361","196307"
"9362","196410"
"9363","196110"
"9364","197103"
"9365","197110"
"9366","198709"
"9367","199312"
"9368","199503"
"9369","199509"
"9376","200104"
"9377","200112"
"9380","200603"
"9381","200703"
"9384","200811"
"9385","200812"
"9386","201210"
"9399","200410"
"9401","196010"
"9404","195909"
"9405","196110"
"9408","196904"
"9409","200010"
"9412","200704"
"9413","201010"
"9414","201403"
"9416","201512"
"9417","201506"
"9418","201412"
"9419","201207"
"9421","200604"
"9423","200511"
"9424","200504"
"9425","200504"
"9428","200508"
"9432","198702"
"9433","199309"
"9434","201812"
"9435","199602"
"9436","199704"
"9438","199910"
"9439","199912"
"9441","200005"
"9444","200010"
"9445","200011"
"9446","200104"
"9449","199908"
"9450","201803"
"9466","201603"
"9467","201410"
"9468","201410"
"9470","198208"
"9474","199409"
"9475","199609"
"9476","199706"
"9478","199809"
"9479","200010"
"9501","195108"
"9502","195108"
"9503","195107"
"9504","195108"
"9505","195212"
"9506","195110"
"9507","195209"
"9508","195109"
"9509","195108"
"9511","198909"
"9513","200410"
"9514","200503"
"9517","201412"
"9519","201702"
"9522","202112"
"9531","194905"
"9532","194905"
"9533","194905"
"9534","194905"
"9535","194906"
"9536","194906"
"9537","194907"
"9539","196208"
"9543","200112"
"9551","201412"
"9552","202206"
"9553","202206"
"9554","202206"
"9556","202207"
"9557","202207"
"9558","202209"
"9560","202209"
"9561","202209"
"9562","202210"
"9563","202210"
"9564","202210"
"9565","202211"
"9600","199504"
"9601","194905"
"9602","194905"
"9603","199503"
"9605","195211"
"9610","199503"
"9612","199501"
"9613","199504"
"9616","199409"
"9619","199408"
"9621","199406"
"9622","199406"
"9625","199404"
"9627","199403"
"9628","199403"
"9629","199403"
"9632","194905"
"9633","194905"
"9635","194908"
"9636","194905"
"9637","194905"
"9639","199311"
"9640","199311"
"9644","199310"
"9647","199306"
"9651","199206"
"9656","199111"
"9658","199111"
"9661","195207"
"9663","199110"
"9672","195509"
"9675","194905"
"9678","199106"
"9679","199104"
"9682","199102"
"9684","199102"
"9685","199012"
"9686","199012"
"9687","199012"
"9691","199011"
"9692","199011"
"9696","199010"
"9697","199010"
"9698","199009"
"9699","199008"
"9701","194905"
"9702","199007"
"9704","194905"
"9706","199002"
"9708","196110"
"9709","198912"
"9713","196110"
"9715","198910"
"9716","198908"
"9717","198906"
"9719","198902"
"9720","196306"
"9722","196303"
"9723","196910"
"9726","197507"
"9729","198812"
"9731","194905"
"9733","198812"
"9735","197406"
"9739","199604"
"9740","198608"
"9742","198702"
"9743","198309"
"9744","198703"
"9746","198707"
"9749","198712"
"9753","198805"
"9755","198808"
"9757","198809"
"9759","198811"
"9760","198812"
"9761","198612"
"9763","197812"
"9765","197206"
"9766","198410"
"9767","197909"
"9768","198511"
"9769","198512"
"9776","199604"
"9778","199512"
"9780","199512"
"9782","199510"
"9783","199510"
"9787","199509"
"9788","199509"
"9790","199509"
"9791","199508"
"9793","199507"
"9795","199506"
"9799","199504"
"9812","199101"
"9816","199102"
"9818","199102"
"9820","199104"
"9823","199105"
"9824","199106"
"9827","199107"
"9828","199108"
"9830","198903"
"9831","198903"
"9832","198903"
"9835","198903"
"9837","198907"
"9842","198909"
"9843","198909"
"9845","198910"
"9846","198910"
"9849","198911"
"9850","198911"
"9852","198911"
"9853","198911"
"9854","198911"
"9856","198912"
"9857","198912"
"9861","199001"
"9867","199004"
"9869","199006"
"9872","199008"
"9873","199008"
"9876","199008"
"9878","199008"
"9880","199009"
"9882","199012"
"9885","199010"
"9887","199010"
"9888","199010"
"9889","199010"
"9890","199010"
"9895","199011"
"9896","199011"
"9900","199109"
"9902","199109"
"9903","199109"
"9904","199109"
"9906","199110"
"9908","199110"
"9913","199111"
"9914","199111"
"9919","199111"
"9927","199207"
"9928","199208"
"9929","199209"
"9930","196309"
"9932","199211"
"9934","199302"
"9936","199303"
"9941","199304"
"9946","199307"
"9948","199307"
"9950","199307"
"9955","199310"
"9956","199310"
"9959","199312"
"9960","199312"
"9962","199401"
"9969","199404"
"9972","199405"
"9973","199406"
"9974","199406"
"9976","199406"
"9977","199406"
"9978","199407"
"9979","199407"
"9980","199407"
"9982","199407"
"9983","199407"
"9984","199407"
"9986","199407"
"9987","199408"
"9989","199408"
"9990","199408"
"9991","199408"
"9993","199409"
"9994","199409"
"9995","199409"
"9996","199409"
"9997","199409"
