"SC","信用買残高","信用買残高 前週比","信用売残高","信用売残高 前週比","貸借倍率"
"1305","28370","6270","32280","3070","0.88"
"1306","457140","117780","660630","26510","0.69"
"1308","3300","-1300","128200","13000","0.03"
"1309","1830","249","-","-","-"
"1311","8630","3790","780","-340","11.06"
"1319","68000","-1000","-","-","-"
"1320","27791","4190","39200","-3854","0.71"
"1321","270378","-3233","305800","-4300","0.88"
"1322","2900","70","-","-","-"
"1324","200","-","-","-","-"
"1325","186600","6600","21700","-2300","8.6"
"1326","1805","-55","121","-","14.92"
"1328","26400","690","12400","-80","2.13"
"1329","3784","-22","10565","334","0.36"
"1330","9330","-3430","61560","-2910","0.15"
"1343","120150","39770","36410","-10410","3.3"
"1345","32300","7000","5000","-","6.46"
"1346","3659","622","12861","-362","0.28"
"1348","11570","650","6570","-2210","1.76"
"1349","-","-","-","-","-"
"1356","1573260","149240","166950","17940","9.42"
"1357","191818828","-1912458","7428924","-937803","25.82"
"1358","15798","1671","21742","-2484","0.73"
"1360","20475250","-999740","353150","-48970","57.98"
"1364","103","3","160","-67","0.64"
"1365","20820","-1004","15657","-684","1.33"
"1366","1496449","-142626","18513","-257781","80.83"
"1367","1603","-530","3608","-553","0.44"
"1368","142783","7947","457","-37","312.44"
"1369","337","142","2703","1329","0.12"
"1385","804","-448","-","-","-"
"1386","268","42","-","-","-"
"1387","1","1","-","-","-"
"1388","12","11","-","-","-"
"1389","59","-74","-","-","-"
"1390","303","-58","-","-","-"
"1391","61","-174","-","-","-"
"1392","143","-121","-","-","-"
"1393","81","-112","-","-","-"
"1394","11","7","-","-","-"
"1397","-","-","10","10","-"
"1398","2150","650","10","10","215"
"1399","200","200","-","-","-"
"1456","124619","81721","11","-55","11329"
"1457","4077","13","28","6","145.61"
"1458","85072","6599","133381","-11961","0.64"
"1459","11445866","75329","132743","21716","86.23"
"1464","699","-10","72","-2","9.71"
"1465","66","-2","-","-","-"
"1466","5522","-1050","106","40","52.09"
"1467","70","-110","-","-","-"
"1468","140","-","-","-","-"
"1469","18850","-140","230","-50","81.96"
"1472","4057","-556","1","-10","4057"
"1473","950","250","10","10","95"
"1474","6","1","-","-","-"
"1475","12424","3821","11786","167","1.05"
"1476","9522","-1023","1087","1040","8.76"
"1477","176","-2","-","-","-"
"1478","4352","1442","1121","4","3.88"
"1479","191","-","-","-","-"
"1480","1","-","-","-","-"
"1481","56","-2","37","-34","1.51"
"1482","76576","11993","1097","292","69.8"
"1483","9","-20","-","-","-"
"1484","-","-","-","-","-"
"1485","-","-","-","-","-"
"1486","3934","952","-","-","-"
"1487","4021","753","12","-59","335.08"
"1488","13870","2170","1330","-790","10.43"
"1489","22998","2549","1696","-179","13.56"
"1490","-","-","-","-","-"
"1492","39","-15","108","69","0.36"
"1493","53","52","31","26","1.71"
"1494","164","-21","4","-","41"
"1495","260","-20","-","-80","-"
"1496","17427","-28","59","50","295.37"
"1497","108738","6315","3497","1659","31.09"
"1498","-","-","10","-","-"
"1499","52","-37","-","-","-"
"1540","229571","-4508","26100","2014","8.8"
"1541","72175","-1131","10151","898","7.11"
"1542","39244","-3936","4710","-673","8.33"
"1543","2598","6","-","-","-"
"1545","96427","-3825","52441","-4510","1.84"
"1546","8410","3899","16348","2146","0.51"
"1547","78250","-5110","68790","-2090","1.14"
"1550","34170","220","1820","-340","18.77"
"1551","1090","50","260","180","4.19"
"1552","8068444","-1423569","7640","6040","1056.08"
"1554","9800","-810","1940","-350","5.05"
"1555","12390","2610","620","-","19.98"
"1557","1723","278","-","-","-"
"1559","4780","-490","15","1","318.67"
"1560","1634","-1338","23","-","71.04"
"1563","70840","3260","18929","1896","3.74"
"1566","2080","-13","154","-34","13.51"
"1568","38400","1800","87040","-6760","0.44"
"1569","30940","1260","20","-60","1547"
"1570","3516403","-202417","4337891","-174546","0.81"
"1571","3255414","19659","5647","2549","576.49"
"1572","83230","3140","-","-","-"
"1573","5090","50","290","-90","17.55"
"1577","1512","-334","200","56","7.56"
"1578","3528","318","3331","570","1.06"
"1579","122490","-89380","269480","-20750","0.45"
"1580","272470","4030","5080","1060","53.64"
"1585","120","-","390","100","0.31"
"1586","411","-356","376","26","1.09"
"1591","2807","2443","467","126","6.01"
"1592","268","83","53","22","5.06"
"1593","635","-15","1059","-","0.6"
"1595","2730","-","850","-30","3.21"
"1596","-","-","-","-","-"
"1597","2700","-290","880","140","3.07"
"1599","-","-","-","-","-"
"1615","2833800","1349400","731700","13800","3.87"
"1617","43","16","151","-2","0.28"
"1618","602","129","259","42","2.32"
"1619","52","-12","388","10","0.13"
"1620","38","-9","62","-4","0.61"
"1621","85","-32","61","4","1.39"
"1622","67","11","107","7","0.63"
"1623","632","-115","91","-22","6.95"
"1624","25","-2","85","-1","0.29"
"1625","108","13","162","80","0.67"
"1626","93","18","30","-104","3.1"
"1627","2760","386","507","-5","5.44"
"1628","976","274","251","-25","3.89"
"1629","430","141","69","2","6.23"
"1630","359","11","68","-24","5.28"
"1631","1811","120","487","-18","3.72"
"1632","281","-184","88","-","3.19"
"1633","88","-63","116","-59","0.76"
"1651","4610","650","80","10","57.63"
"1652","10","-","-","-","-"
"1653","360","360","-","-","-"
"1654","-","-","-","-","-"
"1655","1554540","-71600","628580","-28610","2.47"
"1656","35320","-73660","830","-20","42.55"
"1657","562","54","186","6","3.02"
"1658","12498","36","363","149","34.43"
"1659","28372","-864","10796","-331","2.63"
"1660","1180","7","23","1","51.3"
"1671","378674","-41964","106071","10574","3.57"
"1672","30","-","-","-","-"
"1673","180","-","-","-","-"
"1674","-","-","-","-","-"
"1675","38","-","-","-","-"
"1676","-","-","-","-","-"
"1677","650","140","-","-","-"
"1678","3310100","-141100","391400","-44400","8.46"
"1679","490","110","710","10","0.69"
"1680","13290","-490","490","130","27.12"
"1681","51600","41230","720","-250","71.67"
"1682","42200","-2600","3300","-5200","12.79"
"1684","100","-","-","-","-"
"1685","-","-","-","-","-"
"1686","-","-","-","-","-"
"1687","-","-","-","-","-"
"1688","200","-","-","-","-"
"1689","42204600","-5200400","-","-","-"
"1690","1190","240","-","-","-"
"1691","11","1","-","-","-"
"1692","1100","-","-","-","-"
"1693","930","60","-","-","-"
"1694","1000","-","-","-","-"
"1695","302800","-21200","-","-","-"
"1696","31000","-1000","-","-","-"
"1697","-","-","-","-","-"
"1698","1480","-990","480","20","3.08"
"1699","9454640","868210","631840","-108840","14.96"
"2031","16416","190","-","-","-"
"2032","2421","14","-","-","-"
"2033","24","-","-","-","-"
"2034","17125","-241","-","-","-"
"2036","7992","532","-","-","-"
"2037","5317","72","-","-","-"
"2038","2747118","-162414","-","-","-"
"2039","410201","34766","-","-","-"
"2040","21666","1682","-","-","-"
"2041","113891","-11484","-","-","-"
"2042","6527","-1505","-","-","-"
"2043","107","13","-","-","-"
"2044","7921","-1950","-","-","-"
"2045","1","-","-","-","-"
"2046","10674","-376","-","-","-"
"2047","2281","-19","-","-","-"
"2048","50","-610","-","-","-"
"2050","-","-","-","-","-"
"2065","-","-1","-","-","-"
"2066","-","-","-","-","-"
"2067","100","-","-","-","-"
"2068","-","-","-","-","-"
"2069","-","-","-","-","-"
"2070","-","-1","-","-","-"
"2071","75","75","-","-","-"
"2072","-","-2","-","-","-"
"2073","-","-","-","-","-"
"2235","510","-110","-","-","-"
"2236","57239","21463","-","-","-"
"2237","1047","695","-","-","-"
"2238","10521","1370","-","-","-"
"2239","1480","30","-","-","-"
"2240","470","10","-","-","-"
"2241","460","-340","1800","-","0.26"
"2242","980","-2540","1000","-","0.98"
"2243","31416","14591","844","-587","37.22"
"2244","164810","47706","1000","-","164.81"
"2245","-","-","-","-","-"
"2246","-","-","-","-","-"
"2247","12","-","-","-","-"
"2248","8","3","-","-","-"
"2249","378","353","-","-","-"
"2510","8660","-680","7550","-620","1.15"
"2511","23640","420","20","20","1182"
"2512","11810","2740","-","-30","-"
"2513","23330","10","1250","-130","18.66"
"2514","7790","-4040","420","-","18.55"
"2515","26020","11030","4390","-680","5.93"
"2516","2605070","421600","950270","28320","2.74"
"2517","1220","-","-","-","-"
"2518","455","-79","401","1","1.13"
"2519","5870","-20","110","-","53.36"
"2520","23930","1030","610","-310","39.23"
"2521","148540","6110","89880","64780","1.65"
"2522","2422","100","1796","104","1.35"
"2523","60","-","-","-","-"
"2524","-","-20","100","-","-"
"2525","-","-","-","-","-"
"2526","-","-","-","-","-"
"2527","-","-","-","-","-"
"2528","3310","-","100","-","33.1"
"2529","734","-16","4","-","183.5"
"2530","24","-","-","-","-"
"2552","531","400","-","-5","-"
"2553","150","-80","-","-","-"
"2554","8730","-","-","-","-"
"2555","1330","140","500","-","2.66"
"2556","7990","-390","120","10","66.58"
"2557","450","40","-","-","-"
"2558","41721","1861","24549","-1932","1.7"
"2559","27590","-4524","1558","-167","17.71"
"2560","-","-","-","-","-"
"2561","22470","1251","17601","80","1.28"
"2562","55470","14470","24030","220","2.31"
"2563","1280900","17660","379810","37490","3.37"
"2564","129577","24833","-","-","-"
"2565","2140","-163","1","-14","2140"
"2566","2320","-","-","-","-"
"2567","2720","-530","190","20","14.32"
"2568","54670","-8060","38010","-860","1.44"
"2569","105370","-5580","-","-","-"
"2620","46490","-23100","-","-","-"
"2621","2502982","230231","5977","876","418.77"
"2622","6726","1600","-","-","-"
"2623","500","-","-","-","-"
"2624","2675","-846","1592","199","1.68"
"2625","11619","-7737","5","-1","2323.8"
"2626","1851","-16","-","-","-"
"2627","671","264","-","-","-"
"2628","2738","204","24","-","114.08"
"2629","982","-25","19","-","51.68"
"2630","19039","-822","1122","-542","16.97"
"2631","43388","-6500","24253","-1841","1.79"
"2632","28092","-539","10957","-69","2.56"
"2633","65200","-7110","41430","730","1.57"
"2634","62180","310","68950","-270","0.9"
"2635","1100","-200","150","-10","7.33"
"2636","44","-","22","-","2"
"2637","760","-26","50","-7","15.2"
"2638","1416","-193","31","-20","45.68"
"2639","31076","16","61","11","509.44"
"2640","1625","462","294","140","5.53"
"2641","159","18","1","-","159"
"2642","-","-","-","-","-"
"2643","50","-","-","-","-"
"2644","53419","21068","11205","6149","4.77"
"2645","21255","147","32","-5","664.22"
"2646","29","-1","-","-","-"
"2647","-","-50","-","-","-"
"2648","160","30","-","-","-"
"2649","-","-","-","-","-"
"2836","626","95","530","-","1.18"
"2837","31","1","30","-","1.03"
"2838","117","-","-","-","-"
"2839","167","22","-","-","-"
"2840","1136","-1","913","111","1.24"
"2841","14984","-674","11625","-5","1.29"
"2842","59813","-1764","1302","-515","45.94"
"2843","-","-","-","-","-"
"2844","10","-","-","-","-"
"2845","78620","-2760","50950","830","1.54"
"2846","13360","-27820","16570","3590","0.81"
"2847","106","3","-","-","-"
"2848","2","-","-","-1","-"
"2849","650","2","1","-","650"
"2850","-","-","-","-","-"
"2851","1550","-5300","-","-","-"
"2852","110","-","10","-","11"
"2853","-","-","-","-","-"
"2854","1439","34","73","13","19.71"
"2855","96","20","10","-","9.6"
"2856","32280","14800","-","-","-"
"2857","220","120","-","-","-"
"2858","143","-1","-","-1","-"
"2859","820","480","940","-110","0.87"
"2860","7690","3730","4820","-5270","1.6"
"2861","-","-","-","-","-"
"2862","-","-","-","-","-"
"2863","-","-","-","-","-"
"2864","500","-2","-","-","-"
"2865","17456","-1484","370","-266","47.18"
"2866","125929","-1388","-","-24","-"
"2867","1052","-3044","14","-294","75.14"
"2868","12908","-7615","300","-","43.03"
"2869","11354","-2490","-","-","-"
"2870","13801","-1613","-","-","-"
