"SC","名称","市場区分","貸借申込日","決済日","発表元","貸借値段（円）","貸株超過数（株・口）","最高料率（1日・円）","品貸料率（円）","品貸料率（％）","品貸日数","前日料率（1日・円）","備考","規制"
"1306","ＴＯＰＩＸ連動型上場","東証","20230412","20230414","日証金","2120.50","74590","8.00","1.50","0.070738","3","0.50","",""
"1308","上場ＴＯＰＩＸ","東証","20230412","20230414","日証金","2096.00","78900","4.20","0.15","0.00715649","3","0.05","",""
"1311","ＴＯＰＩＸＣｏｒｅ３","東証","20230412","20230414","日証金","989.20","0","6.00","-","0","-","-","満額",""
"1320","ｉＦ２２５年１","東証","20230412","20230414","日証金","29270.00","11410","80.00","15.00","0.051247","3","5.00","",""
"1321","日経２２５上場投信","東証","20230412","20230414","日証金","29345.00","49389","80.00","15.00","0.051116","3","0.00","",""
"1325","ブラジル指数ボベスパ","東証","20230412","20230414","日証金","202.00","0","0.80","-","0","-","-","満額",""
"1328","金価格連動型上場投信","東証","20230412","20230414","日証金","6714.00","0","28.00","-","0","-","-","満額","注意"
"1329","ｉシェアーズ　２２５","東証","20230412","20230414","日証金","29255.00","976","80.00","15.00","0.0512733","3","5.00","",""
"1330","上場２２５","東証","20230412","20230414","日証金","29375.00","22460","60.00","1.50","0.00510638","3","0.50","",""
"1343","東証ＲＥＩＴ指数連動","東証","20230412","20230414","日証金","1946.00","4920","7.00","0.00","0","3","0.00","",""
"1346","ＭＸＳ２２５上場投信","東証","20230412","20230414","日証金","29190.00","93","80.00","0.00","0","3","-","",""
"1358","上場日経２倍","東証","20230412","20230414","日証金","27775.00","4103","80.00","15.00","0.0540054","3","0.00","",""
"1364","ｉＳＪＰＸ日経４００","東証","20230412","20230414","日証金","18605.00","8","70.00","15.00","0.0806235","3","5.00","",""
"1365","ｉＦ２２５ダブル","東証","20230412","20230414","日証金","23105.00","1415","80.00","15.00","0.064921","3","0.00","",""
"1367","ｉＦＴＰＸダブル","東証","20230412","20230414","日証金","20350.00","488","80.00","0.00","0","3","5.00","",""
"1369","Ｏｎｅ・日経２２５","東証","20230412","20230414","日証金","28350.00","224","80.00","15.00","0.0529101","3","5.00","",""
"1418","インターライフＨＤ","東証","20230412","20230414","日証金","182.00","1800","1.00","0.00","0","3","-","",""
"1419","タマホーム","東証","20230412","20230414","日証金","3475.00","511000","7.00","0.30","0.00863309","3","0.10","",""
"1429","日本アクア","東証","20230412","20230414","日証金","900.00","0","1.80","-","0","-","-","満額",""
"1430","ファーストコーポ","東証","20230412","20230414","日証金","918.00","0","2.00","-","0","-","-","満額",""
"1431","Ｌｉｂ　Ｗｏｒｋ","東証","20230412","20230414","日証金","814.00","156200","3.60","0.15","0.0184275","3","0.05","","注意"
"1433","ベステラ","東証","20230412","20230414","日証金","894.00","42100","1.80","0.15","0.0167785","3","0.05","",""
"1446","キャンディル","東証","20230412","20230414","日証金","552.00","13300","1.20","0.00","0","3","0.00","",""
"1458","楽天２２５ダブルブル","東証","20230412","20230414","日証金","17605.00","31901","70.00","15.00","0.0852031","3","0.00","",""
"1464","ｉＦＪ４００ダブル","東証","20230412","20230414","日証金","16150.00","193","70.00","15.00","0.0928793","3","5.00","",""
"1478","ｉＳＭＳＣＩ高配当","東証","20230412","20230414","日証金","2496.00","0","60.00","-","0","-","-","満額",""
"1482","ｉＳ米国債七十円ヘジ","東証","20230412","20230414","日証金","1932.00","0","60.00","-","0","-","-","満額",""
"1492","ＭＸＳ　中小型","東証","20230412","20230414","日証金","15955.00","4","70.00","0.00","0","3","0.00","",""
"1493","Ｏｎｅ・中小型","東証","20230412","20230414","日証金","15870.00","3","70.00","15.00","0.094518","3","0.00","",""
"1545","ナスダックヘッジ無","東証","20230412","20230414","日証金","17620.00","16559","70.00","15.00","0.0851305","3","5.00","",""
"1546","ダウヘッジ無","東証","20230412","20230414","日証金","44190.00","4484","100.00","15.00","0.0339443","3","5.00","",""
"1550","ＭＸＳ外株ＭＳＣＩ","東証","20230412","20230414","日証金","3884.00","0","9.00","-","0","-","-","満額",""
"1551","スタンダドＴＯＰ２０","東証","20230412","20230414","日証金","4239.00","10","10.00","0.00","0","3","0.00","",""
"1554","上場インデＭＳ世界","東証","20230412","20230414","日証金","3253.00","0","9.00","-","0","-","-","満額",""
"1555","上場インデＡリート","東証","20230412","20230414","日証金","1613.00","430","7.00","1.50","0.0929944","3","-","",""
"1563","東証グロース・コア","東証","20230412","20230414","日証金","2404.00","0","60.00","-","0","-","-","満額",""
"1568","ＴＰＸブル２倍ＥＴＦ","東証","20230412","20230414","日証金","26155.00","6510","54.00","0.00","0","3","0.00","",""
"1570","日経レバレッジＥＴＦ","東証","20230412","20230414","日証金","14965.00","881826","70.00","15.00","0.100234","3","5.00","",""
"1578","上場インデ２２５ミニ","東証","20230412","20230414","日証金","2254.00","145","60.00","0.00","0","3","0.00","",""
"1579","日経ブル２倍上場投信","東証","20230412","20230414","日証金","15995.00","99900","32.00","1.50","0.00937793","3","0.50","",""
"1585","ｉＦＥＸ－Ｆ","東証","20230412","20230414","日証金","1590.00","170","7.00","1.50","0.0943396","3","0.50","",""
"1593","ＭＸＳＪＰＸ４００","東証","20230412","20230414","日証金","18700.00","146","70.00","15.00","0.0802139","3","5.00","",""
"1595","ＮＺＡＭ東証ＲＥＩＴ","東証","20230412","20230414","日証金","1850.50","11670","28.00","1.50","0.0810592","3","0.50","",""
"1615","東証銀行業株価指数連","東証","20230412","20230414","日証金","203.60","0","0.80","-","0","-","-","満額",""
"1618","ＴＰＸ１７エネルギー","東証","20230412","20230414","日証金","13750.00","0","70.00","-","0","-","-","満額",""
"1619","ＴＰＸ１７建設・資材","東証","20230412","20230414","日証金","22530.00","255","80.00","15.00","0.0665779","3","5.00","",""
"1620","ＴＰＸ１７素材・化学","東証","20230412","20230414","日証金","25915.00","22","80.00","15.00","0.0578815","3","5.00","",""
"1622","ＴＰＸ１７自動車輸送","東証","20230412","20230414","日証金","23155.00","48","80.00","15.00","0.0647808","3","5.00","",""
"1623","ＴＰＸ１７鉄鋼・非鉄","東証","20230412","20230414","日証金","20685.00","0","80.00","-","0","-","-","満額",""
"1624","ＴＰＸ１７機械","東証","20230412","20230414","日証金","41000.00","24","100.00","15.00","0.0365854","3","5.00","",""
"1625","ＴＰＸ１７電機・精密","東証","20230412","20230414","日証金","28250.00","0","80.00","-","0","-","5.00","満額",""
"1626","ＴＰＸ１７情報通信","東証","20230412","20230414","日証金","28010.00","11","80.00","15.00","0.0535523","3","5.00","",""
"1627","ＴＰＸ１７電力・ガス","東証","20230412","20230414","日証金","6232.00","53","60.00","0.00","0","3","0.00","",""
"1628","ＴＰＸ１７運輸・物流","東証","20230412","20230414","日証金","16590.00","0","70.00","-","0","-","-","満額",""
"1629","ＴＰＸ１７商社・卸売","東証","20230412","20230414","日証金","56240.00","0","120.00","-","0","-","-","満額",""
"1630","ＴＰＸ１７小売","東証","20230412","20230414","日証金","23635.00","5","80.00","15.00","0.0634652","3","5.00","",""
"1631","ＴＰＸ１７銀行","東証","20230412","20230414","日証金","10560.00","0","70.00","-","0","-","-","満額",""
"1632","ＴＰＸ１７金融","東証","20230412","20230414","日証金","15380.00","13","70.00","0.00","0","3","0.00","",""
"1633","ＴＰＸ１７不動産","東証","20230412","20230414","日証金","28315.00","113","80.00","15.00","0.0529755","3","5.00","",""
"1656","ｉＳ米国債七十","東証","20230412","20230414","日証金","275.30","1900","6.00","1.50","0.54486","3","0.00","",""
"1659","ｉＳ米国リート","東証","20230412","20230414","日証金","2502.00","2014","60.00","15.00","0.59952","3","0.00","",""
"1671","ＷＴＩ原油連動投信","東証","20230412","20230414","日証金","2630.00","57453","60.00","15.00","0.570342","3","0.00","",""
"1679","ＮＹダウジョンズ投信","東証","20230412","20230414","日証金","38420.00","90","156.00","1.50","0.00390422","3","0.50","","注意"
"1681","上場海外新興国株式","東証","20230412","20230414","日証金","1666.50","0","7.00","-","0","-","-","満額",""
"1766","東建コーポレーション","東証","20230412","20230414","日証金","8030.00","11900","16.20","0.45","0.00560399","3","0.15","",""
"1768","ソネック","東証","20230412","20230414","日証金","978.00","29100","2.00","0.15","0.0153374","3","0.05","",""
"1780","ヤマウラ","東証","20230412","20230414","日証金","1141.00","58900","2.40","0.15","0.0131464","3","0.05","",""
"1799","第一建設工業","東証","20230412","20230414","日証金","1395.00","100","2.80","0.00","0","3","0.00","",""
"1801","大成建設","東証","20230412","20230414","日証金","4200.00","29400","8.40","0.30","0.00714286","3","0.05","",""
"1803","清水建設","東証","20230412","20230414","日証金","779.00","41100","1.60","0.00","0","3","0.00","",""
"1835","東鉄工業","東証","20230412","20230414","日証金","2647.00","3500","5.40","0.00","0","3","0.00","",""
"1848","富士ピー・エス","東証","20230412","20230414","日証金","446.00","31600","1.00","0.15","0.0336323","3","0.05","",""
"1870","矢作建設工業","東証","20230412","20230414","日証金","820.00","3200","1.80","0.15","0.0182927","3","0.05","",""
"1888","若築建設","東証","20230412","20230414","日証金","3965.00","14000","8.00","0.30","0.0075662","3","0.10","",""
"1899","福田組","東証","20230412","20230414","日証金","4675.00","0","9.40","-","0","-","-","満額",""
"1904","大成温調","東証","20230412","20230414","日証金","2008.00","1400","4.20","0.15","0.00747012","3","0.05","",""
"1911","住友林業","東証","20230412","20230414","日証金","2744.00","71200","5.60","0.15","0.00546647","3","0.05","",""
"1928","積水ハウス","東証","20230412","20230414","日証金","2681.00","44500","5.40","0.15","0.00559493","3","0.05","",""
"1929","日特建設","東証","20230412","20230414","日証金","962.00","0","2.00","-","0","-","-","満額",""
"1930","北陸電気工事","東証","20230412","20230414","日証金","773.00","0","1.60","-","0","-","-","満額",""
"1951","エクシオグループ","東証","20230412","20230414","日証金","2422.00","15500","5.00","0.15","0.00619323","3","0.05","",""
"1965","テクノ菱和","東証","20230412","20230414","日証金","889.00","0","1.80","-","0","-","-","満額",""
"1966","高田工業所","東証","20230412","20230414","日証金","1364.00","0","2.80","-","0","-","-","満額",""
"1969","高砂熱学工業","東証","20230412","20230414","日証金","2178.00","0","4.40","-","0","-","-","満額",""
"1976","明星工業","東証","20230412","20230414","日証金","818.00","0","1.80","-","0","-","-","満額",""
"1982","日比谷総合設備","東証","20230412","20230414","日証金","2154.00","600","4.40","0.15","0.00696379","3","0.00","",""
"2002","日清製粉グループ本社","東証","20230412","20230414","日証金","1587.00","3000","3.20","0.00","0","3","0.00","",""
"2004","昭和産業","東証","20230412","20230414","日証金","2536.00","0","5.20","-","0","-","-","満額",""
"2055","日和産業","東証","20230412","20230414","日証金","239.00","0","1.00","-","0","-","-","満額",""
"2109","ＤＭ三井製糖ＨＤ","東証","20230412","20230414","日証金","2126.00","1700","4.40","0.00","0","3","0.00","",""
"2138","クルーズ","東証","20230412","20230414","日証金","878.00","0","3.60","-","0","-","-","満額","停止"
"2154","オープンアップＧ","東証","20230412","20230414","日証金","1861.00","2000","3.80","0.00","0","3","-","",""
"2181","パーソルＨＤ","東証","20230412","20230414","日証金","2645.00","1100","5.40","0.00","0","3","-","",""
"2198","アイ・ケイ・ケイＨＤ","東証","20230412","20230414","日証金","684.00","382300","1.40","0.15","0.0219298","3","0.05","",""
"2207","名糖産業","東証","20230412","20230414","日証金","1673.00","2500","3.40","0.15","0.00896593","3","0.05","",""
"2212","山崎製パン","東証","20230412","20230414","日証金","1572.00","0","3.20","-","0","-","-","満額",""
"2217","モロゾフ","東証","20230412","20230414","日証金","3445.00","0","7.00","-","0","-","-","満額",""
"2220","亀田製菓","東証","20230412","20230414","日証金","4340.00","2800","8.80","0.30","0.00691244","3","0.10","",""
"2222","寿スピリッツ","東証","20230412","20230414","日証金","9630.00","116400","19.40","0.60","0.00623053","3","0.20","",""
"2229","カルビー","東証","20230412","20230414","日証金","2819.00","0","5.80","-","0","-","-","満額",""
"2242","ＭＸＳダウヘ有","東証","20230412","20230414","日証金","512.30","20","6.00","0.00","0","3","-","",""
"2266","六甲バター","東証","20230412","20230414","日証金","1358.00","4000","2.80","0.00","0","3","0.00","",""
"2267","ヤクルト本社","東証","20230412","20230414","日証金","9820.00","121100","19.80","0.60","0.00610998","3","0.20","",""
"2270","雪印メグミルク","東証","20230412","20230414","日証金","1765.00","0","3.60","-","0","-","-","満額",""
"2291","福留ハム","東証","20230412","20230414","日証金","1482.00","2300","3.00","0.15","0.0101215","3","0.05","",""
"2294","柿安本店","東証","20230412","20230414","日証金","2260.00","2300","4.60","0.15","0.00663717","3","-","",""
"2301","学情","東証","20230412","20230414","日証金","1792.00","4500","3.60","0.00","0","3","-","",""
"2305","スタジオアリス","東証","20230412","20230414","日証金","2160.00","5900","4.40","0.15","0.00694444","3","0.05","",""
"2315","ＣＡＩＣＡ　Ｄ","東証","20230412","20230414","日証金","57.00","0","2.00","-","0","-","-","満額","注意"
"2332","クエスト","東証","20230412","20230414","日証金","1311.00","100","2.80","0.00","0","3","-","",""
"2384","ＳＢＳＨＤ","東証","20230412","20230414","日証金","3220.00","0","6.60","-","0","-","-","満額",""
"2389","デジタルＨＤ","東証","20230412","20230414","日証金","1100.00","0","2.20","-","0","-","-","満額",""
"2395","新日本科学","東証","20230412","20230414","日証金","2947.00","390100","6.00","0.30","0.0101798","3","0.05","",""
"2404","鉄人化計画","東証","20230412","20230414","日証金","328.00","0","2.00","-","0","-","0.05","満額","注意"
"2410","キャリアＤセンタ","東証","20230412","20230414","日証金","2145.00","0","4.40","-","0","-","-","満額",""
"2433","博報堂ＤＹＨＤ","東証","20230412","20230414","日証金","1518.00","9400","3.20","0.15","0.00988142","3","0.05","",""
"2438","アスカネット","東証","20230412","20230414","日証金","956.00","0","4.00","-","0","-","0.05","満額","注意"
"2440","ぐるなび","東証","20230412","20230414","日証金","345.00","0","1.00","-","0","-","-","満額",""
"2462","ライク","東証","20230412","20230414","日証金","1946.00","17900","4.00","0.00","0","3","0.00","",""
"2481","タウンニュース社","東証","20230412","20230414","日証金","588.00","4000","1.20","0.15","0.0255102","3","0.05","",""
"2501","サッポロＨＤ","東証","20230412","20230414","日証金","3515.00","83100","7.20","0.30","0.00853485","3","0.10","",""
"2502","アサヒグループＨＤ","東証","20230412","20230414","日証金","4940.00","51500","10.00","0.30","0.00607287","3","0.10","",""
"2510","国内債券","東証","20230412","20230414","日証金","947.60","410","6.00","0.00","0","3","0.00","",""
"2512","外国債券ヘッジあり","東証","20230412","20230414","日証金","837.20","0","6.00","-","0","-","-","満額",""
"2516","東証マザーズＥＴＦ","東証","20230412","20230414","日証金","576.40","195590","6.00","0.00","0","3","0.00","",""
"2518","日本株女性活躍ＥＴＦ","東証","20230412","20230414","日証金","1099.00","1745","120.00","15.00","1.36488","3","0.00","",""
"2520","新興国株式ヘッジなし","東証","20230412","20230414","日証金","1150.00","0","7.00","-","0","-","-","満額",""
"2522","ｉＳロボット","東証","20230412","20230414","日証金","3840.00","398","60.00","0.00","0","3","0.00","",""
"2555","東証ＲＥＩＴ－ＥＴＦ","東証","20230412","20230414","日証金","1846.50","1610","7.00","1.50","0.0812348","3","0.50","",""
"2562","上場ダウヘッジあり","東証","20230412","20230414","日証金","2781.00","4690","8.00","1.50","0.0539374","3","0.50","",""
"2564","ＧＸスーパーディビ","東証","20230412","20230414","日証金","2292.00","0","60.00","-","0","-","0.00","満額",""
"2565","ＧＸロジＪリート","東証","20230412","20230414","日証金","989.00","833","60.00","0.00","0","3","5.00","",""
"2567","ＮＺＡＭ　カーボン","東証","20230412","20230414","日証金","251.50","10","6.00","1.50","0.596421","3","-","",""
"2568","上場ＮＳＱ１００ヘ無","東証","20230412","20230414","日証金","2985.50","8780","8.00","1.50","0.0502428","3","0.50","",""
"2587","サントリー食品インタ","東証","20230412","20230414","日証金","4980.00","12500","10.00","0.30","0.0060241","3","-","",""
"2590","ＤｙＤｏ","東証","20230412","20230414","日証金","4845.00","7700","9.80","0.30","0.00619195","3","0.10","",""
"2594","キーコーヒー","東証","20230412","20230414","日証金","2046.00","4200","4.20","0.15","0.00733138","3","0.05","",""
"2599","ジャパンフーズ","東証","20230412","20230414","日証金","1073.00","0","2.20","-","0","-","-","満額",""
"2629","ｉＦ中国ＧＢＡ１００","東証","20230412","20230414","日証金","2509.00","0","120.00","-","0","-","-","満額","注意"
"2631","ＭＸＳナス１００","東証","20230412","20230414","日証金","12480.00","4010","70.00","15.00","0.120192","3","5.00","",""
"2632","ＭＸＳナス１００へ有","東証","20230412","20230414","日証金","9248.00","0","60.00","-","0","-","5.00","満額",""
"2633","Ｓ＆Ｐ５００ヘッジ無","東証","20230412","20230414","日証金","2535.00","3660","8.00","0.00","0","3","0.00","",""
"2637","ＧＸクリーン日株","東証","20230412","20230414","日証金","1588.00","0","60.00","-","0","-","-","満額",""
"2638","ＧＸロボ＆ＡＩ日株","東証","20230412","20230414","日証金","2005.00","0","60.00","-","0","-","-","満額",""
"2640","ＧＸゲームアニメ日株","東証","20230412","20230414","日証金","2673.00","14","60.00","15.00","0.561167","3","5.00","",""
"2644","ＧＸ半導体日株","東証","20230412","20230414","日証金","2474.00","0","60.00","-","0","-","-","満額",""
"2645","ＧＸレジ＆エンタ日株","東証","20230412","20230414","日証金","1854.00","0","60.00","-","0","-","-","満額",""
"2651","ローソン","東証","20230412","20230414","日証金","5430.00","11400","11.00","0.30","0.00552486","3","0.10","",""
"2652","まんだらけ","東証","20230412","20230414","日証金","1397.00","19800","2.80","0.00","0","3","0.00","",""
"2659","サンエー","東証","20230412","20230414","日証金","4465.00","33700","9.00","0.30","0.00671892","3","0.10","",""
"2664","カワチ薬品","東証","20230412","20230414","日証金","2231.00","1400","4.60","0.15","0.00672344","3","0.05","",""
"2669","カネ美食品","東証","20230412","20230414","日証金","2875.00","9500","5.80","0.15","0.00521739","3","0.05","",""
"2676","高千穂交易","東証","20230412","20230414","日証金","2353.00","43900","4.80","0.15","0.00637484","3","0.05","",""
"2687","ＣＶＳベイエリア","東証","20230412","20230414","日証金","430.00","600","1.00","0.00","0","3","0.00","",""
"2695","くら寿司","東証","20230412","20230414","日証金","3350.00","65100","6.80","0.30","0.00895522","3","0.10","",""
"2702","日本マクドナルドＨＤ","東証","20230412","20230414","日証金","5500.00","113600","11.00","0.30","0.00545455","3","0.10","",""
"2722","ＩＫホールディングス","東証","20230412","20230414","日証金","383.00","20600","1.00","0.00","0","3","0.00","",""
"2734","サーラコーポ","東証","20230412","20230414","日証金","758.00","1100","1.60","0.00","0","3","-","",""
"2735","ワッツ","東証","20230412","20230414","日証金","693.00","10200","1.40","0.15","0.021645","3","0.05","",""
"2751","テンポスＨＤ","東証","20230412","20230414","日証金","2601.00","39900","5.40","0.15","0.00576701","3","0.05","",""
"2752","フジオフードＧ本社","東証","20230412","20230414","日証金","1376.00","31300","2.80","0.15","0.0109012","3","0.05","",""
"2763","エフティグループ","東証","20230412","20230414","日証金","1110.00","0","2.40","-","0","-","-","満額",""
"2782","セリア","東証","20230412","20230414","日証金","2471.00","0","5.00","-","0","-","-","満額",""
"2784","アルフレッサＨＤ","東証","20230412","20230414","日証金","1831.00","0","3.80","-","0","-","-","満額",""
"2802","味の素","東証","20230412","20230414","日証金","4739.00","172500","9.60","0.30","0.00633045","3","0.10","",""
"2804","ブルドックソース","東証","20230412","20230414","日証金","1892.00","62000","3.80","0.15","0.00792812","3","0.05","",""
"2811","カゴメ","東証","20230412","20230414","日証金","3100.00","4000","6.20","0.00","0","3","0.00","",""
"2815","アリアケジャパン","東証","20230412","20230414","日証金","5170.00","600","10.40","0.00","0","3","0.00","",""
"2816","ダイショー","東証","20230412","20230414","日証金","1368.00","200","2.80","0.15","0.0109649","3","0.05","",""
"2818","ピエトロ","東証","20230412","20230414","日証金","1813.00","1600","3.80","0.15","0.00827358","3","0.05","",""
"2819","エバラ食品工業","東証","20230412","20230414","日証金","3045.00","3200","6.20","0.30","0.00985222","3","0.05","",""
"2836","ＧＸフィンテック日株","東証","20230412","20230414","日証金","2110.00","4","60.00","0.00","0","3","0.00","",""
"2837","ＧＸ中小リーダー日株","東証","20230412","20230414","日証金","1931.00","5","60.00","0.00","0","3","0.00","",""
"2840","ｉＦナス１００Ｈ無","東証","20230412","20230414","日証金","16275.00","0","140.00","-","0","-","-","満額","注意"
"2845","ナスダックヘッジ有","東証","20230412","20230414","日証金","1817.00","0","7.00","-","0","-","-","満額",""
"2846","ダウヘッジ有","東証","20230412","20230414","日証金","1913.00","1790","7.00","1.50","0.0784109","3","-","",""
"2858","ＧＸ日経カバコ","東証","20230412","20230414","日証金","1040.00","1","60.00","0.00","0","3","-","",""
"2859","ＳＴＯＸＸヘッジ有","東証","20230412","20230414","日証金","2406.50","1300","16.00","1.50","0.0623312","3","0.50","","注意"
"2860","ＤＡＸヘッジ有","東証","20230412","20230414","日証金","2370.00","5920","16.00","1.50","0.0632911","3","0.50","","注意"
"2865","ＧＸＮＤＸカバコ","東証","20230412","20230414","日証金","990.00","0","60.00","-","0","-","-","満額",""
"2874","横浜冷凍","東証","20230412","20230414","日証金","1008.00","5100","2.20","0.15","0.014881","3","0.05","",""
"2884","ヨシムラフードＨＤ","東証","20230412","20230414","日証金","980.00","202900","2.00","0.15","0.0153061","3","0.05","",""
"2897","日清食品ＨＤ","東証","20230412","20230414","日証金","12070.00","62300","24.20","0.60","0.004971","3","0.20","",""
"2899","永谷園ＨＤ","東証","20230412","20230414","日証金","2126.00","2100","4.40","0.15","0.0070555","3","0.05","",""
"2904","一正蒲鉾","東証","20230412","20230414","日証金","754.00","500","1.60","0.00","0","3","0.00","",""
"2907","あじかん","東証","20230412","20230414","日証金","835.00","0","1.80","-","0","-","-","満額",""
"2910","ロック・フィールド","東証","20230412","20230414","日証金","1536.00","27200","3.20","0.15","0.00976562","3","0.05","",""
"2915","ケンコーマヨネーズ","東証","20230412","20230414","日証金","1208.00","800","2.60","0.00","0","3","0.00","",""
"2922","なとり","東証","20230412","20230414","日証金","1953.00","0","4.00","-","0","-","-","満額",""
"2929","ファーマフーズ","東証","20230412","20230414","日証金","1530.00","938800","6.40","0.30","0.0196078","3","0.05","","注意"
"2930","北の達人コーポ","東証","20230412","20230414","日証金","339.00","284700","1.00","0.00","0","3","-","",""
"2933","紀文食品","東証","20230412","20230414","日証金","1025.00","0","2.20","-","0","-","0.00","満額",""
"3002","グンゼ","東証","20230412","20230414","日証金","4550.00","100","9.20","0.00","0","3","-","",""
"3038","神戸物産","東証","20230412","20230414","日証金","3735.00","52100","7.60","0.15","0.00401606","3","0.05","",""
"3041","ビューティ花壇","東証","20230412","20230414","日証金","305.00","6400","1.00","0.00","0","3","0.05","",""
"3058","三洋堂ＨＤ","東証","20230412","20230414","日証金","862.00","2400","1.80","0.15","0.0174014","3","0.05","",""
"3059","ヒラキ","東証","20230412","20230414","日証金","1010.00","2700","2.20","0.15","0.0148515","3","0.05","",""
"3063","ジェイグループＨＤ","東証","20230412","20230414","日証金","447.00","1800","1.00","0.00","0","3","0.00","",""
"3067","東京一番フーズ","東証","20230412","20230414","日証金","488.00","1700","1.00","0.00","0","3","0.00","",""
"3069","ＪＦＬＡＨＤ","東証","20230412","20230414","日証金","330.00","700","1.00","0.15","0.0454545","3","0.05","",""
"3082","きちりＨＤ","東証","20230412","20230414","日証金","732.00","167200","1.60","0.15","0.0204918","3","0.05","",""
"3086","Ｊ．フロントリテイリ","東証","20230412","20230414","日証金","1355.00","54800","2.80","0.00","0","3","-","",""
"3087","ドトール・日レスＨＤ","東証","20230412","20230414","日証金","1941.00","0","4.00","-","0","-","-","満額",""
"3088","マツキヨココカラ","東証","20230412","20230414","日証金","7130.00","52500","14.40","0.45","0.00631136","3","0.15","",""
"3093","トレジャーファクトリ","東証","20230412","20230414","日証金","1343.00","181600","2.80","0.15","0.011169","3","0.05","",""
"3097","物語コーポレーション","東証","20230412","20230414","日証金","2879.00","0","5.80","-","0","-","-","満額",""
"3107","ダイワボウＨＤ","東証","20230412","20230414","日証金","2408.00","41300","5.00","0.15","0.00622924","3","0.05","",""
"3134","Ｈａｍｅｅ","東証","20230412","20230414","日証金","992.00","104900","2.00","0.15","0.015121","3","0.05","",""
"3137","ファンデリー","東証","20230412","20230414","日証金","273.00","40700","1.00","0.15","0.0549451","3","0.05","",""
"3160","大光","東証","20230412","20230414","日証金","601.00","0","1.40","-","0","-","-","満額",""
"3166","ＯＣＨＩＨＤ","東証","20230412","20230414","日証金","1230.00","1800","2.60","0.15","0.0121951","3","0.05","",""
"3178","チムニー","東証","20230412","20230414","日証金","1220.00","5100","2.60","0.15","0.0122951","3","0.05","",""
"3180","ビューティガレージ","東証","20230412","20230414","日証金","3935.00","51200","8.00","0.30","0.00762389","3","0.10","",""
"3182","オイラ大地","東証","20230412","20230414","日証金","2523.00","161400","5.20","0.15","0.0059453","3","0.05","",""
"3186","ネクステージ","東証","20230412","20230414","日証金","2224.00","98600","4.60","0.00","0","3","0.00","",""
"3187","サンワカンパニー","東証","20230412","20230414","日証金","930.00","0","2.00","-","0","-","-","満額",""
"3195","ジェネレーションパス","東証","20230412","20230414","日証金","303.00","11100","1.00","0.00","0","3","0.00","",""
"3196","ホットランド","東証","20230412","20230414","日証金","1486.00","900","3.00","0.00","0","3","0.00","",""
"3197","すかいらーくＨＤ","東証","20230412","20230414","日証金","1760.00","252000","3.60","0.15","0.00852273","3","0.05","",""
"3222","Ｕ．Ｓ．Ｍ．Ｈ","東証","20230412","20230414","日証金","1081.00","7900","2.20","0.15","0.013876","3","0.00","",""
"3226","日本アコモデーション","東証","20230412","20230414","日証金","612000.00","14","1240.00","30.00","0.00490196","3","10.00","",""
"3232","三重交通グループＨＤ","東証","20230412","20230414","日証金","558.00","62700","1.20","0.15","0.0268817","3","0.05","",""
"3234","森ヒルズリート投法人","東証","20230412","20230414","日証金","151200.00","395","320.00","15.00","0.00992063","3","5.00","",""
"3242","アーバネット","東証","20230412","20230414","日証金","322.00","0","1.00","-","0","-","0.00","満額",""
"3278","Ｒ－ＫＤＲ","東証","20230412","20230414","日証金","205700.00","14","420.00","15.00","0.00729217","3","5.00","",""
"3282","コンフォリアレジデン","東証","20230412","20230414","日証金","320500.00","450","660.00","30.00","0.00936037","3","10.00","",""
"3283","日本プロロジスリート","東証","20230412","20230414","日証金","299200.00","122","600.00","15.00","0.00501337","3","5.00","",""
"3288","オープンハウスＧ","東証","20230412","20230414","日証金","4985.00","0","10.00","-","0","-","0.10","満額",""
"3290","Ｒ－Ｏｎｅリート","東証","20230412","20230414","日証金","228400.00","0","460.00","-","0","-","-","満額",""
"3291","飯田グループＨＤ","東証","20230412","20230414","日証金","2197.00","0","4.40","-","0","-","-","満額",""
"3292","イオンリート投資法人","東証","20230412","20230414","日証金","152000.00","130","320.00","15.00","0.00986842","3","5.00","",""
"3299","ムゲンエステート","東証","20230412","20230414","日証金","600.00","0","1.20","-","0","-","0.00","満額",""
"3320","クロスプラス","東証","20230412","20230414","日証金","736.00","21000","1.60","0.00","0","3","0.00","",""
"3329","東和フードサービス","東証","20230412","20230414","日証金","1556.00","20700","3.20","0.15","0.0096401","3","0.05","",""
"3377","バイク王＆カンパニー","東証","20230412","20230414","日証金","864.00","97500","3.60","0.15","0.0173611","3","0.05","","停止"
"3387","クリエイトレストラン","東証","20230412","20230414","日証金","1024.00","215500","2.20","0.15","0.0146484","3","0.05","",""
"3395","サンマルクＨＤ","東証","20230412","20230414","日証金","1795.00","800","3.60","0.00","0","3","0.00","",""
"3397","トリドールＨＤ","東証","20230412","20230414","日証金","2943.00","190500","6.00","0.15","0.00509684","3","0.05","",""
"3415","ＴＯＫＹＯ　ＢＡＳＥ","東証","20230412","20230414","日証金","450.00","43500","1.00","0.00","0","3","0.00","",""
"3455","ＨＣＭ","東証","20230412","20230414","日証金","162100.00","0","340.00","-","0","-","-","満額",""
"3465","ケイアイスター不動産","東証","20230412","20230414","日証金","4080.00","10000","8.20","0.00","0","3","0.00","",""
"3466","ラサールロジ投資法人","東証","20230412","20230414","日証金","154500.00","13","320.00","15.00","0.00970874","3","5.00","",""
"3471","三井不ロジパーク","東証","20230412","20230414","日証金","485000.00","26","980.00","30.00","0.00618557","3","10.00","",""
"3480","ジェイ・エス・ビー","東証","20230412","20230414","日証金","4360.00","700","8.80","0.00","0","3","0.00","",""
"3487","Ｒ－ＣＲＥロジ","東証","20230412","20230414","日証金","180900.00","110","380.00","0.00","0","3","0.00","",""
"3501","住江織物","東証","20230412","20230414","日証金","2143.00","800","4.40","0.00","0","3","0.00","",""
"3539","ＪＭホールディングス","東証","20230412","20230414","日証金","1909.00","0","4.00","-","0","-","-","満額",""
"3542","ベガコーポレーション","東証","20230412","20230414","日証金","596.00","0","1.20","-","0","-","-","満額",""
"3544","サツドラＨＤ","東証","20230412","20230414","日証金","831.00","0","1.80","-","0","-","-","満額",""
"3547","串カツ田中","東証","20230412","20230414","日証金","1642.00","26200","6.80","0.15","0.0091352","3","0.05","","注意"
"3548","バロック","東証","20230412","20230414","日証金","810.00","0","1.80","-","0","-","-","満額",""
"3563","Ｆ＆ＬＣ","東証","20230412","20230414","日証金","3390.00","233000","6.80","0.30","0.00884956","3","0.10","",""
"3571","ソトー","東証","20230412","20230414","日証金","813.00","500","1.80","0.15","0.0184502","3","-","",""
"3591","ワコールＨＤ","東証","20230412","20230414","日証金","2566.00","5800","5.20","0.15","0.00584567","3","0.05","",""
"3632","グリー","東証","20230412","20230414","日証金","690.00","0","1.40","-","0","-","-","満額",""
"3648","ＡＧＳ","東証","20230412","20230414","日証金","709.00","1500","1.60","0.15","0.0211566","3","0.05","",""
"3653","モルフォ","東証","20230412","20230414","日証金","1082.00","0","2.20","-","0","-","-","満額",""
"3657","ポールＨＤ","東証","20230412","20230414","日証金","869.00","31000","1.80","0.15","0.0172612","3","0.05","",""
"3659","ネクソン","東証","20230412","20230414","日証金","3165.00","68400","6.40","0.15","0.00473934","3","0.10","",""
"3660","アイスタイル","東証","20230412","20230414","日証金","569.00","0","1.20","-","0","-","-","満額",""
"3662","エイチーム","東証","20230412","20230414","日証金","668.00","0","1.40","-","0","-","-","満額",""
"3667","ｅｎｉｓｈ","東証","20230412","20230414","日証金","450.00","2100","1.00","0.00","0","3","0.00","",""
"3674","オークファン","東証","20230412","20230414","日証金","483.00","45000","1.00","0.15","0.0310559","3","0.00","",""
"3675","クロス・マーケティン","東証","20230412","20230414","日証金","684.00","78200","1.40","0.00","0","3","0.00","",""
"3679","じげん","東証","20230412","20230414","日証金","478.00","0","1.00","-","0","-","-","満額",""
"3681","ブイキューブ","東証","20230412","20230414","日証金","522.00","0","2.40","-","0","-","0.05","満額","注意"
"3686","ディー・エル・イー","東証","20230412","20230414","日証金","242.00","0","2.00","-","0","-","-","満額","注意"
"3692","ＦＦＲＩセキュ","東証","20230412","20230414","日証金","971.00","0","2.00","-","0","-","-","満額",""
"3697","ＳＨＩＦＴ","東証","20230412","20230414","日証金","25020.00","50400","50.20","1.35","0.00539568","3","0.45","",""
"3698","ＣＲＩ・ミドルウェア","東証","20230412","20230414","日証金","1030.00","0","2.20","-","0","-","-","満額",""
"3744","サイオス","東証","20230412","20230414","日証金","378.00","2400","1.00","0.00","0","3","0.00","",""
"3807","フィスコ","東証","20230412","20230414","日証金","126.00","0","1.00","-","0","-","-","満額",""
"3826","システムインテグレタ","東証","20230412","20230414","日証金","454.00","17300","1.00","0.00","0","3","0.00","",""
"3865","北越コーポレーション","東証","20230412","20230414","日証金","891.00","37600","1.80","0.15","0.016835","3","0.05","",""
"3891","ニッポン高度紙工業","東証","20230412","20230414","日証金","1964.00","0","4.00","-","0","-","-","満額",""
"3892","岡山製紙","東証","20230412","20230414","日証金","877.00","0","1.80","-","0","-","-","満額",""
"3914","ＪＩＧ－ＳＡＷ","東証","20230412","20230414","日証金","5230.00","7000","21.20","0.15","0.00286807","3","0.10","","注意"
"3922","ＰＲ　ＴＩＭＥＳ","東証","20230412","20230414","日証金","1889.00","0","3.80","-","0","-","0.00","満額",""
"3923","ラクス","東証","20230412","20230414","日証金","1898.00","824800","3.80","0.15","0.00790306","3","0.05","",""
"3924","ランドコンピュータ","東証","20230412","20230414","日証金","1078.00","6300","2.20","0.15","0.0139147","3","0.05","",""
"3955","イムラ","東証","20230412","20230414","日証金","1017.00","0","2.20","-","0","-","-","満額",""
"3987","エコモット","東証","20230412","20230414","日証金","545.00","0","2.40","-","0","-","0.05","満額","停止"
"3993","ＰＫＳＨＡ","東証","20230412","20230414","日証金","1862.00","0","3.80","-","0","-","-","満額",""
"3994","マネーフォワード","東証","20230412","20230414","日証金","4840.00","781800","9.80","0.30","0.00619835","3","0.10","",""
"4019","スタメン","東証","20230412","20230414","日証金","879.00","0","1.80","-","0","-","-","満額",""
"4021","日産化学","東証","20230412","20230414","日証金","6000.00","14100","12.00","0.30","0.005","3","0.00","",""
"4046","大阪ソーダ","東証","20230412","20230414","日証金","4625.00","2100","9.40","0.00","0","3","0.00","",""
"4091","日本酸素ＨＤ","東証","20230412","20230414","日証金","2385.00","10200","4.80","0.15","0.00628931","3","0.05","",""
"4165","プレイド","東証","20230412","20230414","日証金","663.00","0","2.80","-","0","-","-","満額","注意"
"4167","ココペリ","東証","20230412","20230414","日証金","682.00","35100","2.80","0.15","0.0219941","3","0.05","","注意"
"4169","ＥＮＥＣＨＡＮＧＥ","東証","20230412","20230414","日証金","1229.00","0","5.20","-","0","-","-","満額","停止"
"4170","ＫａｉｚｅｎＰＦ","東証","20230412","20230414","日証金","382.00","153700","1.00","0.00","0","3","0.00","",""
"4176","ココナラ","東証","20230412","20230414","日証金","445.00","0","2.00","-","0","-","-","満額","注意"
"4186","東京応化工業","東証","20230412","20230414","日証金","7150.00","0","14.40","-","0","-","-","満額",""
"4188","三菱ケミカルグループ","東証","20230412","20230414","日証金","791.80","0","1.60","-","0","-","-","満額",""
"4192","スパイダープラス","東証","20230412","20230414","日証金","526.00","91000","2.40","0.15","0.0285171","3","0.05","","注意"
"4203","住友ベークライト","東証","20230412","20230414","日証金","4990.00","3200","10.00","0.30","0.00601202","3","0.10","",""
"4205","日本ゼオン","東証","20230412","20230414","日証金","1399.00","9300","2.80","0.00","0","3","0.00","",""
"4212","積水樹脂","東証","20230412","20230414","日証金","2040.00","0","4.20","-","0","-","-","満額",""
"4218","ニチバン","東証","20230412","20230414","日証金","1937.00","0","4.00","-","0","-","-","満額",""
"4249","森六ホールディングス","東証","20230412","20230414","日証金","1879.00","1500","3.80","0.00","0","3","0.00","",""
"4263","サスメド","東証","20230412","20230414","日証金","1394.00","354600","2.80","0.15","0.0107604","3","0.05","",""
"4312","サイバネットシステム","東証","20230412","20230414","日証金","848.00","57700","1.80","0.15","0.0176887","3","0.05","",""
"4324","電通グループ","東証","20230412","20230414","日証金","4695.00","140900","9.40","0.30","0.00638978","3","0.10","",""
"4337","ぴあ","東証","20230412","20230414","日証金","3195.00","19700","6.40","0.15","0.00469484","3","0.05","",""
"4343","イオンファンタジー","東証","20230412","20230414","日証金","2921.00","1700","6.00","0.00","0","3","0.05","",""
"4347","ブロードメディア","東証","20230412","20230414","日証金","1215.00","8800","2.60","0.00","0","3","0.00","",""
"4355","ロングライフＨＤ","東証","20230412","20230414","日証金","156.00","0","1.00","-","0","-","-","満額",""
"4362","日本精化","東証","20230412","20230414","日証金","2566.00","2100","5.20","0.15","0.00584567","3","0.05","",""
"4375","セーフィー","東証","20230412","20230414","日証金","745.00","422500","3.20","0.15","0.0201342","3","0.05","","注意"
"4382","ＨＥＲＯＺ","東証","20230412","20230414","日証金","1172.00","22700","4.80","0.15","0.0127986","3","0.05","","注意"
"4384","ラクスル","東証","20230412","20230414","日証金","1285.00","0","2.60","-","0","-","-","満額",""
"4404","ミヨシ油脂","東証","20230412","20230414","日証金","977.00","11800","2.00","0.15","0.0153531","3","0.05","",""
"4418","ＪＤＳＣ","東証","20230412","20230414","日証金","887.00","0","1.80","-","0","-","-","満額",""
"4431","スマレジ","東証","20230412","20230414","日証金","2689.00","110200","10.80","0.30","0.0111566","3","0.05","","注意"
"4439","東名","東証","20230412","20230414","日証金","2383.00","45200","4.80","0.15","0.00629459","3","0.05","",""
"4443","Ｓａｎｓａｎ","東証","20230412","20230414","日証金","1492.00","355900","3.00","0.15","0.0100536","3","0.05","",""
"4446","Ｌｉｎｋ－Ｕ","東証","20230412","20230414","日証金","1012.00","4300","2.20","0.00","0","3","-","",""
"4448","Ｃｈａｔｗｏｒｋ","東証","20230412","20230414","日証金","882.00","392200","1.80","0.15","0.0170068","3","0.05","",""
"4462","石原ケミカル","東証","20230412","20230414","日証金","1462.00","1300","3.00","0.15","0.0102599","3","0.05","",""
"4475","ＨＥＮＮＧＥ","東証","20230412","20230414","日証金","713.00","0","3.20","-","0","-","-","満額","注意"
"4477","ＢＡＳＥ","東証","20230412","20230414","日証金","281.00","0","1.00","-","0","-","-","満額",""
"4480","メドレー","東証","20230412","20230414","日証金","3850.00","0","7.80","-","0","-","-","満額",""
"4481","ベース","東証","20230412","20230414","日証金","6140.00","72100","12.40","0.45","0.00732899","3","0.10","",""
"4483","ＪＭＤＣ","東証","20230412","20230414","日証金","4875.00","2000","9.80","0.00","0","3","0.00","",""
"4502","武田薬品工業","東証","20230412","20230414","日証金","4431.00","0","9.00","-","0","-","-","満額",""
"4526","理研ビタミン","東証","20230412","20230414","日証金","1935.00","0","4.00","-","0","-","-","満額",""
"4534","持田製薬","東証","20230412","20230414","日証金","3395.00","1100","6.80","0.30","0.00883652","3","0.10","",""
"4536","参天製薬","東証","20230412","20230414","日証金","1104.00","12900","2.40","0.00","0","3","0.00","",""
"4547","キッセイ薬品工業","東証","20230412","20230414","日証金","2652.00","6100","5.40","0.15","0.00565611","3","0.05","",""
"4551","鳥居薬品","東証","20230412","20230414","日証金","3250.00","1700","6.60","0.00","0","3","0.00","",""
"4559","ゼリア新薬工業","東証","20230412","20230414","日証金","2316.00","6300","4.80","0.15","0.00647668","3","0.05","",""
"4568","第一三共","東証","20230412","20230414","日証金","4620.00","5000","9.40","0.00","0","3","-","",""
"4574","大幸薬品","東証","20230412","20230414","日証金","383.00","512500","2.00","0.15","0.0391645","3","0.05","","注意"
"4613","関西ペイント","東証","20230412","20230414","日証金","1829.00","66200","3.80","0.00","0","3","0.00","",""
"4617","中国塗料","東証","20230412","20230414","日証金","1108.00","0","2.40","-","0","-","-","満額",""
"4634","東洋インキＳＣ　ＨＤ","東証","20230412","20230414","日証金","2080.00","0","4.20","-","0","-","-","満額",""
"4661","オリエンタルランド","東証","20230412","20230414","日証金","4856.00","583100","9.80","0.30","0.00617792","3","0.10","",""
"4665","ダスキン","東証","20230412","20230414","日証金","3170.00","16200","6.40","0.30","0.00946372","3","0.10","",""
"4678","秀英予備校","東証","20230412","20230414","日証金","410.00","200","1.00","0.00","0","3","0.00","",""
"4716","日本オラクル","東証","20230412","20230414","日証金","9090.00","2100","18.20","0.00","0","3","0.00","",""
"4718","早稲田アカデミー","東証","20230412","20230414","日証金","1408.00","17200","3.00","0.15","0.0106534","3","0.05","",""
"4719","アルファシステムズ","東証","20230412","20230414","日証金","4050.00","2700","8.20","0.30","0.00740741","3","0.10","",""
"4722","フューチャー","東証","20230412","20230414","日証金","1814.00","8500","3.80","0.00","0","3","0.00","",""
"4732","ユー・エス・エス","東証","20230412","20230414","日証金","2215.00","0","4.60","-","0","-","-","満額",""
"4745","東京個別指導学院","東証","20230412","20230414","日証金","540.00","242000","1.20","0.15","0.0277778","3","0.05","",""
"4750","ダイサン","東証","20230412","20230414","日証金","597.00","61900","2.40","0.15","0.0251256","3","0.05","",""
"4768","大塚商会","東証","20230412","20230414","日証金","4685.00","10400","9.40","0.30","0.00640342","3","-","",""
"4769","ＩＣ","東証","20230412","20230414","日証金","935.00","300","2.00","0.15","0.0160428","3","0.05","",""
"4776","サイボウズ","東証","20230412","20230414","日証金","2690.00","326600","5.40","0.15","0.00557621","3","0.05","",""
"4792","山田コンサルティング","東証","20230412","20230414","日証金","1412.00","10700","3.00","0.00","0","3","0.05","",""
"4812","電通国際情報サービス","東証","20230412","20230414","日証金","5050.00","1800","10.20","0.30","0.00594059","3","0.10","",""
"4816","東映アニメーション","東証","20230412","20230414","日証金","12780.00","11400","25.60","0.60","0.00469484","3","0.05","",""
"4826","シー・アイ・ジェイ","東証","20230412","20230414","日証金","530.00","4200","1.20","0.00","0","3","0.00","",""
"4828","ビーエンジ","東証","20230412","20230414","日証金","3205.00","0","6.60","-","0","-","0.00","満額",""
"4839","ワウワウ","東証","20230412","20230414","日証金","1242.00","3700","2.60","0.00","0","3","0.00","",""
"4922","コーセー","東証","20230412","20230414","日証金","15620.00","15300","31.40","0.90","0.00576184","3","0.30","",""
"4923","コタ","東証","20230412","20230414","日証金","1549.00","1400","3.20","0.15","0.00968367","3","0.05","",""
"4929","アジュバンＨＤ","東証","20230412","20230414","日証金","940.00","13100","2.00","0.15","0.0159574","3","0.05","",""
"4934","Ｐアンチエイジ","東証","20230412","20230414","日証金","1235.00","0","5.20","-","0","-","-","満額","注意"
"4955","アグロ　カネショウ","東証","20230412","20230414","日証金","1779.00","3100","3.60","0.15","0.0084317","3","-","",""
"4958","長谷川香料","東証","20230412","20230414","日証金","3055.00","0","6.20","-","0","-","-","満額",""
"4994","大成ラミック","東証","20230412","20230414","日証金","2861.00","0","5.80","-","0","-","-","満額",""
"5101","横浜ゴム","東証","20230412","20230414","日証金","2733.00","209400","5.60","0.15","0.00548847","3","0.05","",""
"5108","ブリヂストン","東証","20230412","20230414","日証金","5309.00","116300","10.80","0.30","0.00565078","3","0.10","",""
"5110","住友ゴム工業","東証","20230412","20230414","日証金","1190.00","0","2.40","-","0","-","-","満額",""
"5122","オカモト","東証","20230412","20230414","日証金","3960.00","400","8.00","0.30","0.00757576","3","0.10","",""
"5129","ＦＩＸＥＲ","東証","20230412","20230414","日証金","2192.00","38100","4.40","0.00","0","3","-","",""
"5186","ニッタ","東証","20230412","20230414","日証金","2997.00","0","6.00","-","0","-","-","満額",""
"5202","日本板硝子","東証","20230412","20230414","日証金","648.00","0","1.40","-","0","-","-","満額",""
"5232","住友大阪セメント","東証","20230412","20230414","日証金","3620.00","4200","7.40","0.15","0.00414365","3","0.05","",""
"5273","三谷セキサン","東証","20230412","20230414","日証金","4635.00","1400","9.40","0.30","0.00647249","3","0.10","",""
"5344","ＭＡＲＵＷＡ","東証","20230412","20230414","日証金","17690.00","0","35.40","-","0","-","0.00","満額",""
"5357","ヨータイ","東証","20230412","20230414","日証金","1508.00","1300","3.20","0.00","0","3","-","",""
"5381","Ｍｉｐｏｘ","東証","20230412","20230414","日証金","582.00","133200","1.20","0.00","0","3","0.05","",""
"5384","フジミイン","東証","20230412","20230414","日証金","7060.00","400","14.20","0.15","0.00212465","3","-","",""
"5406","神戸製鋼所","東証","20230412","20230414","日証金","1041.00","632000","2.20","0.15","0.0144092","3","-","",""
"5707","東邦亜鉛","東証","20230412","20230414","日証金","1881.00","0","3.80","-","0","-","-","満額",""
"5726","大阪チタニウムテクノ","東証","20230412","20230414","日証金","3230.00","0","6.60","-","0","-","-","満額",""
"5727","東邦チタニウム","東証","20230412","20230414","日証金","2130.00","0","4.40","-","0","-","-","満額",""
"5741","ＵＡＣＪ","東証","20230412","20230414","日証金","2681.00","0","5.40","-","0","-","-","満額",""
"5929","三和ホールディングス","東証","20230412","20230414","日証金","1395.00","3300","2.80","0.00","0","3","0.00","",""
"5956","トーソー","東証","20230412","20230414","日証金","522.00","300","1.20","0.15","0.0287356","3","0.00","",""
"5975","東プレ","東証","20230412","20230414","日証金","1265.00","3200","2.60","0.00","0","3","0.05","",""
"6005","三浦工業","東証","20230412","20230414","日証金","3325.00","500","6.80","0.00","0","3","-","",""
"6027","弁護士ドットコム","東証","20230412","20230414","日証金","2486.00","51500","10.00","0.15","0.00603379","3","0.05","","注意"
"6037","ファーストロジック","東証","20230412","20230414","日証金","846.00","0","1.80","-","0","-","-","満額",""
"6047","Ｇｕｎｏｓｙ","東証","20230412","20230414","日証金","608.00","153300","1.40","0.00","0","3","0.00","",""
"6054","リブセンス","東証","20230412","20230414","日証金","272.00","0","1.00","-","0","-","-","満額",""
"6073","アサンテ","東証","20230412","20230414","日証金","1640.00","200","3.40","0.00","0","3","0.00","",""
"6083","ＥＲＩ　ＨＤ","東証","20230412","20230414","日証金","1571.00","0","3.20","-","0","-","-","満額",""
"6095","メドピア","東証","20230412","20230414","日証金","1125.00","0","2.40","-","0","-","-","満額",""
"6096","レアジョブ","東証","20230412","20230414","日証金","1319.00","100300","5.60","0.15","0.0113723","3","0.05","","注意"
"6113","アマダ","東証","20230412","20230414","日証金","1230.00","18400","2.60","0.00","0","3","-","",""
"6145","ＮＩＴＴＯＫＵ","東証","20230412","20230414","日証金","2738.00","23100","5.60","0.15","0.00547845","3","0.05","",""
"6146","ディスコ","東証","20230412","20230414","日証金","14540.00","27600","29.20","0.00","0","3","0.00","",""
"6189","グローバルキッズＣ","東証","20230412","20230414","日証金","804.00","0","1.80","-","0","-","-","満額",""
"6191","エアトリ","東証","20230412","20230414","日証金","2662.00","0","5.40","-","0","-","-","満額",""
"6199","セラク","東証","20230412","20230414","日証金","1755.00","0","3.60","-","0","-","-","満額",""
"6232","ＡＣＳＬ","東証","20230412","20230414","日証金","1338.00","0","5.60","-","0","-","-","満額","注意"
"6238","フリュー","東証","20230412","20230414","日証金","1152.00","2100","2.40","0.00","0","3","0.00","",""
"6255","エヌ・ピー・シー","東証","20230412","20230414","日証金","487.00","0","1.00","-","0","-","-","満額",""
"6264","マルマエ","東証","20230412","20230414","日証金","1559.00","0","6.40","-","0","-","-","満額","注意"
"6273","エスエムシー","東証","20230412","20230414","日証金","69300.00","19300","138.60","3.45","0.00497835","3","1.05","",""
"6279","瑞光","東証","20230412","20230414","日証金","1037.00","3100","2.20","0.00","0","3","0.05","",""
"6282","オイレス工業","東証","20230412","20230414","日証金","1681.00","100","3.40","0.00","0","3","-","",""
"6287","サトーＨＤ","東証","20230412","20230414","日証金","2230.00","0","4.60","-","0","-","-","満額",""
"6302","住友重機械工業","東証","20230412","20230414","日証金","3175.00","0","6.40","-","0","-","-","満額",""
"6305","日立建機","東証","20230412","20230414","日証金","3080.00","20800","6.20","0.00","0","3","0.00","",""
"6324","ハーモニックドライブ","東証","20230412","20230414","日証金","4085.00","84200","8.20","0.15","0.00367197","3","0.10","",""
"6325","タカキタ","東証","20230412","20230414","日証金","423.00","42600","1.00","0.15","0.035461","3","0.05","",""
"6328","荏原実業","東証","20230412","20230414","日証金","2891.00","2100","5.80","0.15","0.00518852","3","0.05","",""
"6368","オルガノ","東証","20230412","20230414","日証金","3355.00","28200","6.80","0.30","0.00894188","3","0.10","",""
"6378","木村化工機","東証","20230412","20230414","日証金","688.00","0","1.40","-","0","-","-","満額",""
"6381","アネスト岩田","東証","20230412","20230414","日証金","1010.00","0","2.20","-","0","-","-","満額",""
"6406","フジテック","東証","20230412","20230414","日証金","3395.00","21200","6.80","0.30","0.00883652","3","0.10","",""
"6413","理想科学工業","東証","20230412","20230414","日証金","2268.00","0","4.60","-","0","-","-","満額",""
"6417","ＳＡＮＫＹＯ","東証","20230412","20230414","日証金","5490.00","0","11.00","-","0","-","-","満額",""
"6418","日本金銭機械","東証","20230412","20230414","日証金","1420.00","0","3.00","-","0","-","-","満額",""
"6420","フクシマガリレイ","東証","20230412","20230414","日証金","4730.00","1800","9.60","0.30","0.00634249","3","0.10","",""
"6457","グローリー","東証","20230412","20230414","日証金","2833.00","0","5.80","-","0","-","-","満額",""
"6459","大和冷機工業","東証","20230412","20230414","日証金","1375.00","1800","2.80","0.15","0.0109091","3","0.05","",""
"6473","ジェイテクト","東証","20230412","20230414","日証金","1020.00","0","2.20","-","0","-","-","満額",""
"6481","ＴＨＫ","東証","20230412","20230414","日証金","3010.00","0","6.20","-","0","-","-","満額",""
"6485","前澤給装工業","東証","20230412","20230414","日証金","984.00","900","2.00","0.00","0","3","0.00","",""
"6501","日立製作所","東証","20230412","20230414","日証金","7357.00","15200","14.80","0.00","0","3","-","",""
"6503","三菱電機","東証","20230412","20230414","日証金","1549.00","100600","3.20","0.00","0","3","0.00","",""
"6506","安川電機","東証","20230412","20230414","日証金","5610.00","453300","11.40","0.30","0.00534759","3","0.10","",""
"6537","ＷＡＳＨハウス","東証","20230412","20230414","日証金","299.00","0","2.00","-","0","-","-","満額","注意"
"6544","ＪＥＳＨＤ","東証","20230412","20230414","日証金","2103.00","18200","4.40","0.15","0.00713267","3","0.05","",""
"6551","ツナグＧＨＤ","東証","20230412","20230414","日証金","608.00","0","1.40","-","0","-","-","満額",""
"6584","三櫻工業","東証","20230412","20230414","日証金","657.00","0","1.40","-","0","-","-","満額",""
"6590","芝浦メカトロニクス","東証","20230412","20230414","日証金","15590.00","3800","31.20","0.00","0","3","0.30","",""
"6614","シキノハイテック","東証","20230412","20230414","日証金","3885.00","27300","7.80","0.15","0.003861","3","0.00","",""
"6619","ダブル・スコープ","東証","20230412","20230414","日証金","1234.00","0","5.20","-","0","-","-","満額","注意"
"6630","ヤーマン","東証","20230412","20230414","日証金","1169.00","0","4.80","-","0","-","-","満額","注意"
"6654","不二電機工業","東証","20230412","20230414","日証金","1084.00","52600","2.20","0.15","0.0138376","3","0.05","",""
"6670","ＭＣＪ","東証","20230412","20230414","日証金","961.00","0","2.00","-","0","-","-","満額",""
"6707","サンケン電気","東証","20230412","20230414","日証金","10590.00","75900","21.20","0.60","0.00566572","3","0.20","",""
"6715","ナカヨ","東証","20230412","20230414","日証金","1173.00","0","2.40","-","0","-","-","満額",""
"6723","ルネサスエレク","東証","20230412","20230414","日証金","1817.50","0","3.80","-","0","-","-","満額",""
"6740","ジャパンディスプレイ","東証","20230412","20230414","日証金","46.00","0","1.00","-","0","-","-","満額",""
"6753","シャープ","東証","20230412","20230414","日証金","967.00","317300","2.00","0.15","0.0155119","3","0.05","",""
"6763","帝国通信工業","東証","20230412","20230414","日証金","1522.00","1500","3.20","0.00","0","3","0.00","",""
"6770","アルプスアルパイン","東証","20230412","20230414","日証金","1259.00","0","2.60","-","0","-","-","満額",""
"6789","ローランドＤＧ","東証","20230412","20230414","日証金","3320.00","0","6.80","-","0","-","-","満額",""
"6794","フォスター電機","東証","20230412","20230414","日証金","1211.00","20200","2.60","0.15","0.0123865","3","0.00","",""
"6849","日本光電工業","東証","20230412","20230414","日証金","3630.00","14300","7.40","0.30","0.00826446","3","0.05","",""
"6855","日本電子材料","東証","20230412","20230414","日証金","1466.00","1800","3.00","0.00","0","3","-","",""
"6856","堀場製作所","東証","20230412","20230414","日証金","7610.00","24000","15.40","0.45","0.00591327","3","0.15","",""
"6857","アドバンテスト","東証","20230412","20230414","日証金","11470.00","205200","23.00","0.00","0","3","0.00","",""
"6866","日置電機","東証","20230412","20230414","日証金","8720.00","3000","17.60","0.00","0","3","0.00","",""
"6881","キョウデン","東証","20230412","20230414","日証金","498.00","0","1.00","-","0","-","-","満額",""
"6902","デンソー","東証","20230412","20230414","日証金","7416.00","0","15.00","-","0","-","-","満額",""
"6905","コーセル","東証","20230412","20230414","日証金","1071.00","9900","2.20","0.15","0.0140056","3","0.05","",""
"6966","三井ハイテック","東証","20230412","20230414","日証金","8690.00","190500","17.40","0.45","0.00517837","3","0.15","",""
"6993","大黒屋ＨＤ","東証","20230412","20230414","日証金","61.00","0","2.00","-","0","-","-","満額","注意"
"6997","日本ケミコン","東証","20230412","20230414","日証金","2045.00","0","4.20","-","0","-","-","満額",""
"7065","ユーピーアール","東証","20230412","20230414","日証金","2204.00","2600","9.20","0.15","0.00680581","3","-","","注意"
"7068","ＦフォースＧ","東証","20230412","20230414","日証金","756.00","130000","1.60","0.15","0.0198413","3","0.05","",""
"7071","アンビス","東証","20230412","20230414","日証金","3100.00","0","6.20","-","0","-","-","満額",""
"7102","日本車輌製造","東証","20230412","20230414","日証金","2041.00","0","4.20","-","0","-","-","満額",""
"7130","ヤマエグループＨＤ","東証","20230412","20230414","日証金","1890.00","0","3.80","-","0","-","-","満額",""
"7135","ジャパンクラフトＨＤ","東証","20230412","20230414","日証金","567.00","56700","1.20","0.00","0","3","0.00","",""
"7150","島根銀行","東証","20230412","20230414","日証金","495.00","35900","1.00","0.15","0.030303","3","0.05","",""
"7182","ゆうちょ銀行","東証","20230412","20230414","日証金","1087.00","0","2.20","-","0","-","-","満額",""
"7187","ジェイリース","東証","20230412","20230414","日証金","2036.00","0","4.20","-","0","-","-","満額",""
"7220","武蔵精密工業","東証","20230412","20230414","日証金","1820.00","200","3.80","0.00","0","3","-","",""
"7222","日産車体","東証","20230412","20230414","日証金","881.00","2200","3.60","0.15","0.0170261","3","-","","注意"
"7240","エヌオーケー","東証","20230412","20230414","日証金","1541.00","49300","3.20","0.15","0.00973394","3","0.05","",""
"7242","ＫＹＢ","東証","20230412","20230414","日証金","4150.00","0","8.40","-","0","-","-","満額",""
"7256","河西工業","東証","20230412","20230414","日証金","212.00","29600","1.00","0.00","0","3","0.00","",""
"7259","アイシン","東証","20230412","20230414","日証金","3730.00","0","7.60","-","0","-","-","満額",""
"7261","マツダ","東証","20230412","20230414","日証金","1191.00","0","2.40","-","0","-","-","満額",""
"7267","本田技研工業","東証","20230412","20230414","日証金","3539.00","0","7.20","-","0","-","-","満額",""
"7278","エクセディ","東証","20230412","20230414","日証金","1843.00","0","3.80","-","0","-","-","満額",""
"7309","シマノ","東証","20230412","20230414","日証金","23130.00","4000","46.40","0.00","0","3","-","",""
"7313","テイ・エス　テック","東証","20230412","20230414","日証金","1657.00","2500","3.40","0.00","0","3","0.00","",""
"7337","ひろぎんＨＤ","東証","20230412","20230414","日証金","634.00","0","1.40","-","0","-","-","満額",""
"7342","ウェルスナビ","東証","20230412","20230414","日証金","1178.00","0","4.80","-","0","-","0.05","満額","注意"
"7350","おきなわＦＧ","東証","20230412","20230414","日証金","2126.00","0","4.40","-","0","-","-","満額",""
"7381","北國ＦＨＤ","東証","20230412","20230414","日証金","4345.00","9600","8.80","0.30","0.00690449","3","0.10","",""
"7384","プロクレアＨＤ","東証","20230412","20230414","日証金","2083.00","21200","4.20","0.15","0.00720115","3","0.05","",""
"7412","アトム","東証","20230412","20230414","日証金","820.00","125700","1.80","0.15","0.0182927","3","0.05","",""
"7416","はるやまＨＤ","東証","20230412","20230414","日証金","468.00","116900","1.00","0.15","0.0320513","3","0.05","",""
"7417","南陽","東証","20230412","20230414","日証金","2198.00","4200","4.40","0.15","0.00682439","3","0.00","",""
"7421","カッパ・クリエイト","東証","20230412","20230414","日証金","1450.00","73500","3.00","0.15","0.0103448","3","0.05","",""
"7427","エコートレーディング","東証","20230412","20230414","日証金","787.00","0","1.60","-","0","-","-","満額",""
"7443","横浜魚類","東証","20230412","20230414","日証金","524.00","1000","1.20","0.00","0","3","0.00","",""
"7445","ライトオン","東証","20230412","20230414","日証金","562.00","60800","1.20","0.15","0.0266904","3","0.05","",""
"7447","ナガイレーベン","東証","20230412","20230414","日証金","2055.00","2100","4.20","0.15","0.00729927","3","0.05","",""
"7455","パリミキＨＤ","東証","20230412","20230414","日証金","333.00","0","1.00","-","0","-","-","満額",""
"7475","アルビス","東証","20230412","20230414","日証金","2496.00","6300","5.00","0.15","0.00600962","3","0.05","",""
"7487","小津産業","東証","20230412","20230414","日証金","1725.00","34100","3.60","0.15","0.00869565","3","0.05","",""
"7504","高速","東証","20230412","20230414","日証金","2050.00","2000","4.20","0.15","0.00731707","3","0.05","",""
"7506","ハウス　オブ　ローゼ","東証","20230412","20230414","日証金","1610.00","400","3.40","0.15","0.00931677","3","0.05","",""
"7522","ワタミ","東証","20230412","20230414","日証金","917.00","43200","2.00","0.15","0.0163577","3","0.05","",""
"7523","アールビバン","東証","20230412","20230414","日証金","609.00","4300","1.40","0.15","0.0246305","3","0.05","",""
"7524","マルシェ","東証","20230412","20230414","日証金","399.00","20300","1.00","0.15","0.037594","3","0.05","",""
"7545","西松屋チェーン","東証","20230412","20230414","日証金","1618.00","0","3.40","-","0","-","0.00","満額",""
"7550","ゼンショーＨＤ","東証","20230412","20230414","日証金","4115.00","301800","8.40","0.30","0.0072904","3","0.10","",""
"7554","幸楽苑ＨＤ","東証","20230412","20230414","日証金","1054.00","14100","2.20","0.15","0.0142315","3","0.05","",""
"7561","ハークスレイ","東証","20230412","20230414","日証金","764.00","17800","1.60","0.00","0","3","0.00","",""
"7564","ワークマン","東証","20230412","20230414","日証金","5630.00","21400","11.40","0.00","0","3","0.00","",""
"7581","サイゼリヤ","東証","20230412","20230414","日証金","3230.00","40100","6.60","0.30","0.00928793","3","0.10","",""
"7599","ＩＤＯＭ","東証","20230412","20230414","日証金","807.00","430100","1.80","0.15","0.0185874","3","0.05","",""
"7603","マックハウス","東証","20230412","20230414","日証金","378.00","400","1.00","0.00","0","3","0.05","",""
"7616","コロワイド","東証","20230412","20230414","日証金","2067.00","338300","4.20","0.15","0.00725689","3","0.05","",""
"7625","グローバルダイニング","東証","20230412","20230414","日証金","362.00","0","1.00","-","0","-","-","満額",""
"7630","壱番屋","東証","20230412","20230414","日証金","5220.00","50100","10.60","0.30","0.00574713","3","0.10","",""
"7640","トップカルチャー","東証","20230412","20230414","日証金","197.00","0","1.00","-","0","-","-","満額",""
"7678","あさくま","東証","20230412","20230414","日証金","1577.00","8400","3.20","0.15","0.00951173","3","0.05","",""
"7679","薬王堂ＨＤ","東証","20230412","20230414","日証金","2413.00","0","5.00","-","0","-","-","満額",""
"7707","プレシジョンＳＳ","東証","20230412","20230414","日証金","369.00","0","2.00","-","0","-","-","満額","注意"
"7709","クボテック","東証","20230412","20230414","日証金","211.00","0","1.00","-","0","-","-","満額",""
"7741","ＨＯＹＡ","東証","20230412","20230414","日証金","14220.00","0","28.60","-","0","-","0.00","満額",""
"7743","シード","東証","20230412","20230414","日証金","553.00","0","1.20","-","0","-","-","満額",""
"7769","リズム","東証","20230412","20230414","日証金","2040.00","29000","4.20","0.15","0.00735294","3","0.05","",""
"7779","サイバーダイン","東証","20230412","20230414","日証金","283.00","343400","1.00","0.00","0","3","0.00","",""
"7805","プリントネット","東証","20230412","20230414","日証金","686.00","0","1.40","-","0","-","-","満額",""
"7816","スノーピーク","東証","20230412","20230414","日証金","2026.00","463100","8.40","0.15","0.00740375","3","0.05","","注意"
"7820","ニホンフラッシュ","東証","20230412","20230414","日証金","973.00","3300","2.00","0.00","0","3","0.00","",""
"7837","アールシーコア","東証","20230412","20230414","日証金","411.00","400","1.00","0.00","0","3","0.00","",""
"7839","ＳＨＯＥＩ","東証","20230412","20230414","日証金","2621.00","0","5.40","-","0","-","-","満額",""
"7840","フランスベッドＨＤ","東証","20230412","20230414","日証金","1045.00","5200","2.20","0.15","0.0143541","3","0.05","",""
"7856","萩原工業","東証","20230412","20230414","日証金","1282.00","0","2.60","-","0","-","-","満額",""
"7867","タカラトミー","東証","20230412","20230414","日証金","1442.00","11300","3.00","0.15","0.0104022","3","0.05","",""
"7868","広済堂ＨＤ","東証","20230412","20230414","日証金","2456.00","32300","5.00","0.15","0.00610749","3","0.00","",""
"7911","凸版印刷","東証","20230412","20230414","日証金","2761.00","0","5.60","-","0","-","-","満額",""
"7912","大日本印刷","東証","20230412","20230414","日証金","3795.00","4500","7.60","0.00","0","3","-","",""
"7914","共同印刷","東証","20230412","20230414","日証金","2809.00","200","5.80","0.15","0.00533998","3","0.00","",""
"7915","ＮＩＳＳＨＡ","東証","20230412","20230414","日証金","1848.00","4400","3.80","0.00","0","3","0.00","",""
"7931","未来工業","東証","20230412","20230414","日証金","1793.00","13300","3.60","0.00","0","3","0.00","",""
"7936","アシックス","東証","20230412","20230414","日証金","3775.00","269800","7.60","0.30","0.00794702","3","0.10","",""
"7942","ジェイ　エス　ピー","東証","20230412","20230414","日証金","1542.00","2800","3.20","0.00","0","3","0.00","",""
"7944","ローランド","東証","20230412","20230414","日証金","4005.00","0","8.20","-","0","-","-","満額",""
"7955","クリナップ","東証","20230412","20230414","日証金","734.00","0","1.60","-","0","-","-","満額",""
"7962","キングジム","東証","20230412","20230414","日証金","910.00","0","2.00","-","0","-","-","満額",""
"7965","象印マホービン","東証","20230412","20230414","日証金","1691.00","3300","3.40","0.15","0.00887049","3","0.00","",""
"7976","三菱鉛筆","東証","20230412","20230414","日証金","1655.00","8000","3.40","0.15","0.00906344","3","0.05","",""
"7984","コクヨ","東証","20230412","20230414","日証金","1824.00","4400","3.80","0.15","0.00822368","3","0.00","",""
"7988","ニフコ","東証","20230412","20230414","日証金","3735.00","5100","7.60","0.30","0.00803213","3","0.10","",""
"8005","スクロール","東証","20230412","20230414","日証金","782.00","0","1.60","-","0","-","-","満額",""
"8008","ヨンドシーホールディ","東証","20230412","20230414","日証金","1773.00","2600","3.60","0.00","0","3","0.00","",""
"8011","三陽商会","東証","20230412","20230414","日証金","1567.00","31400","3.20","0.15","0.00957243","3","0.05","",""
"8030","中央魚類","東証","20230412","20230414","日証金","3000.00","200","6.00","0.00","0","3","0.00","",""
"8031","三井物産","名証","20230412","20230414","日証金","4155.00","100","8.40","0.45","0.0108303","3","0.15","",""
"8056","ＢＩＰＲＯＧＹ","東証","20230412","20230414","日証金","3205.00","100","6.60","0.00","0","3","0.00","",""
"8059","第一実業","東証","20230412","20230414","日証金","5630.00","3800","11.40","0.30","0.0053286","3","0.10","",""
"8061","西華産業","東証","20230412","20230414","日証金","2137.00","0","4.40","-","0","-","-","満額",""
"8075","神鋼商事","東証","20230412","20230414","日証金","5810.00","15500","11.80","0.00","0","3","0.00","",""
"8077","トルク","東証","20230412","20230414","日証金","218.00","0","1.00","-","0","-","-","満額",""
"8079","正栄食品工業","東証","20230412","20230414","日証金","4080.00","26500","8.20","0.30","0.00735294","3","0.10","",""
"8095","アステナＨＤ","東証","20230412","20230414","日証金","447.00","11100","1.00","0.00","0","3","0.00","",""
"8096","兼松エレクトロニクス","東証","20230412","20230414","日証金","6180.00","300","12.40","0.30","0.00485437","3","0.10","",""
"8101","ＧＳＩクレオス","東証","20230412","20230414","日証金","1901.00","27200","4.00","0.15","0.00789058","3","0.00","",""
"8111","ゴールドウィン","東証","20230412","20230414","日証金","12630.00","124900","25.40","0.75","0.00593824","3","0.25","",""
"8113","ユニ・チャーム","東証","20230412","20230414","日証金","5368.00","35000","10.80","0.30","0.00558867","3","0.10","",""
"8114","デサント","東証","20230412","20230414","日証金","4070.00","57300","8.20","0.30","0.00737101","3","0.10","",""
"8129","東邦ホールディングス","東証","20230412","20230414","日証金","2540.00","19600","5.20","0.15","0.00590551","3","0.05","",""
"8130","サンゲツ","東証","20230412","20230414","日証金","2184.00","4000","4.40","0.00","0","3","0.00","",""
"8132","シナネンＨＤ","東証","20230412","20230414","日証金","3240.00","0","6.60","-","0","-","-","満額",""
"8136","サンリオ","東証","20230412","20230414","日証金","6140.00","817100","12.40","0.45","0.00732899","3","0.15","",""
"8142","トーホー","東証","20230412","20230414","日証金","2332.00","168400","4.80","0.15","0.00643225","3","0.05","",""
"8153","モスフードサービス","東証","20230412","20230414","日証金","3080.00","1200","6.20","0.00","0","3","0.00","",""
"8160","木曽路","東証","20230412","20230414","日証金","2302.00","34000","4.80","0.15","0.00651607","3","0.05","",""
"8163","ＳＲＳＨＤ","東証","20230412","20230414","日証金","993.00","86700","2.00","0.15","0.0151057","3","0.05","",""
"8165","千趣会","東証","20230412","20230414","日証金","409.00","7200","1.00","0.00","0","3","0.00","",""
"8179","ロイヤルＨＤ","東証","20230412","20230414","日証金","2739.00","26900","5.60","0.15","0.00547645","3","0.05","",""
"8182","いなげや","東証","20230412","20230414","日証金","1264.00","0","2.60","-","0","-","0.00","満額",""
"8194","ライフコーポ","東証","20230412","20230414","日証金","2823.00","51300","5.80","0.15","0.0053135","3","0.05","",""
"8200","リンガーハット","東証","20230412","20230414","日証金","2298.00","25500","4.60","0.15","0.00652742","3","0.05","",""
"8202","ラオックスＨＤ","東証","20230412","20230414","日証金","279.00","0","2.00","-","0","-","-","満額","注意"
"8218","コメリ","東証","20230412","20230414","日証金","2781.00","1600","5.60","0.15","0.00539374","3","0.00","",""
"8249","テクノアソシエ","東証","20230412","20230414","日証金","1694.00","0","3.40","-","0","-","-","満額",""
"8255","アクシアル　リテ","東証","20230412","20230414","日証金","3425.00","1900","7.00","0.15","0.00437956","3","0.10","",""
"8267","イオン","東証","20230412","20230414","日証金","2594.00","484600","5.20","0.15","0.00578258","3","0.05","",""
"8273","イズミ","東証","20230412","20230414","日証金","3040.00","2100","6.20","0.00","0","3","-","",""
"8275","フォーバル","東証","20230412","20230414","日証金","1184.00","2200","2.40","0.15","0.0126689","3","0.05","",""
"8279","ヤオコー","東証","20230412","20230414","日証金","6850.00","1100","13.80","0.45","0.00656934","3","0.15","",""
"8304","あおぞら銀行","東証","20230412","20230414","日証金","2440.00","550800","5.00","0.15","0.00614754","3","0.00","",""
"8308","りそなＨＤ","東証","20230412","20230414","日証金","655.30","0","1.40","-","0","-","-","満額",""
"8344","山形銀行","東証","20230412","20230414","日証金","1032.00","0","2.20","-","0","-","-","満額",""
"8362","福井銀行","東証","20230412","20230414","日証金","1481.00","0","3.00","-","0","-","-","満額",""
"8364","清水銀行","東証","20230412","20230414","日証金","1443.00","0","3.00","-","0","-","-","満額",""
"8365","富山銀行","東証","20230412","20230414","日証金","1657.00","19000","3.40","0.15","0.0090525","3","0.05","",""
"8369","京都銀行","東証","20230412","20230414","日証金","6250.00","0","12.60","-","0","-","-","満額",""
"8383","鳥取銀行","東証","20230412","20230414","日証金","1155.00","0","2.40","-","0","-","-","満額",""
"8388","阿波銀行","東証","20230412","20230414","日証金","1989.00","0","4.00","-","0","-","-","満額",""
"8410","セブン銀行","東証","20230412","20230414","日証金","272.00","0","1.00","-","0","-","-","満額",""
"8421","信金中央金庫","東証","20230412","20230414","日証金","272900.00","2","560.00","0.00","0","3","0.00","",""
"8521","長野銀行","東証","20230412","20230414","日証金","1445.00","0","3.00","-","0","-","-","満額",""
"8522","名古屋銀行","東証","20230412","20230414","日証金","3280.00","0","6.60","-","0","-","-","満額",""
"8537","大光銀行","東証","20230412","20230414","日証金","1120.00","0","2.40","-","0","-","-","満額",""
"8542","トマト銀行","東証","20230412","20230414","日証金","1026.00","0","2.20","-","0","-","-","満額",""
"8551","北日本銀行","東証","20230412","20230414","日証金","1975.00","19300","4.00","0.15","0.00759494","3","0.05","",""
"8617","光世証券","東証","20230412","20230414","日証金","421.00","0","1.00","-","0","-","-","満額",""
"8697","日本取引所グループ","東証","20230412","20230414","日証金","2072.00","0","4.20","-","0","-","-","満額",""
"8795","Ｔ＆ＤＨＤ","東証","20230412","20230414","日証金","1650.00","67300","3.40","0.00","0","3","0.00","",""
"8803","平和不動産","東証","20230412","20230414","日証金","3890.00","12800","7.80","0.30","0.00771208","3","0.10","",""
"8860","フジ住宅","東証","20230412","20230414","日証金","688.00","700","1.40","0.00","0","3","-","",""
"8887","リベレステ","東証","20230412","20230414","日証金","800.00","49300","1.60","0.00","0","3","0.00","",""
"8905","イオンモール","東証","20230412","20230414","日証金","1780.00","1700","3.60","0.00","0","3","-","",""
"8914","エリアリンク","東証","20230412","20230414","日証金","2476.00","0","5.00","-","0","-","-","満額",""
"8917","ファースト住建","東証","20230412","20230414","日証金","1141.00","17200","2.40","0.15","0.0131464","3","0.05","",""
"8923","トーセイ","東証","20230412","20230414","日証金","1489.00","0","3.00","-","0","-","-","満額",""
"8955","日本プライムリアル","東証","20230412","20230414","日証金","347000.00","74","700.00","30.00","0.00864553","3","10.00","",""
"8956","ＮＴＴ都市開発Ｒ","東証","20230412","20230414","日証金","132200.00","101","280.00","15.00","0.0113464","3","5.00","",""
"8957","東急リアルエステート","東証","20230412","20230414","日証金","176400.00","278","360.00","15.00","0.0085034","3","5.00","",""
"8964","フロンティア不動産","東証","20230412","20230414","日証金","476500.00","0","960.00","-","0","-","-","満額",""
"8966","平和不動産リート投資","東証","20230412","20230414","日証金","154000.00","480","320.00","15.00","0.00974026","3","5.00","",""
"8967","日本ロジＦ投資","東証","20230412","20230414","日証金","305000.00","453","620.00","15.00","0.00491803","3","5.00","",""
"8968","福岡リート投資法人","東証","20230412","20230414","日証金","160500.00","7","340.00","0.00","0","3","-","",""
"8972","ケネディクスオフィス","東証","20230412","20230414","日証金","299200.00","781","600.00","15.00","0.00501337","3","5.00","",""
"8975","いちごオフィスリート","東証","20230412","20230414","日証金","98900.00","381","400.00","15.00","0.0151668","3","5.00","","停止"
"8977","Ｒ－阪急阪神","東証","20230412","20230414","日証金","142400.00","282","300.00","15.00","0.0105337","3","5.00","",""
"8987","ジャパンエクセレント","東証","20230412","20230414","日証金","115600.00","28","240.00","0.00","0","3","0.00","",""
"9001","東武鉄道","東証","20230412","20230414","日証金","3320.00","1200","6.80","0.00","0","3","-","",""
"9003","相鉄ホールディングス","東証","20230412","20230414","日証金","2280.00","0","4.60","-","0","-","-","満額",""
"9005","東急","東証","20230412","20230414","日証金","1804.00","252000","3.80","0.15","0.00831486","3","0.05","",""
"9009","京成電鉄","東証","20230412","20230414","日証金","4510.00","94400","9.20","0.30","0.00665188","3","0.10","",""
"9010","富士急行","東証","20230412","20230414","日証金","4905.00","51000","10.00","0.30","0.00611621","3","0.10","",""
"9025","鴻池運輸","東証","20230412","20230414","日証金","1507.00","200","3.20","0.00","0","3","-","",""
"9039","サカイ引越センター","東証","20230412","20230414","日証金","4570.00","0","9.20","-","0","-","-","満額",""
"9044","南海電気鉄道","東証","20230412","20230414","日証金","2964.00","18000","6.00","0.15","0.00506073","3","0.05","",""
"9046","神戸電鉄","東証","20230412","20230414","日証金","3170.00","1000","6.40","0.15","0.00473186","3","0.05","",""
"9052","山陽電気鉄道","東証","20230412","20230414","日証金","2251.00","5200","4.60","0.15","0.00666371","3","0.05","",""
"9064","ヤマトＨＤ","東証","20230412","20230414","日証金","2268.00","65500","4.60","0.15","0.00661376","3","0.05","",""
"9069","センコーグループＨＤ","東証","20230412","20230414","日証金","935.00","0","2.00","-","0","-","-","満額",""
"9070","トナミＨＤ","東証","20230412","20230414","日証金","4225.00","0","8.60","-","0","-","-","満額",""
"9076","セイノーＨＤ","東証","20230412","20230414","日証金","1416.00","0","3.00","-","0","-","-","満額",""
"9090","ＡＺ－ＣＯＭ丸和ＨＤ","東証","20230412","20230414","日証金","1876.00","64900","3.80","0.15","0.00799574","3","0.05","",""
"9101","日本郵船","東証","20230412","20230414","日証金","3400.00","1716200","6.80","0.30","0.00882353","3","0.10","",""
"9104","商船三井","東証","20230412","20230414","日証金","3540.00","2245000","7.20","0.30","0.00847458","3","0.05","",""
"9107","川崎汽船","東証","20230412","20230414","日証金","3370.00","5069200","6.80","0.30","0.00890208","3","0.10","",""
"9110","ＮＳユナイテッド海運","東証","20230412","20230414","日証金","4495.00","128800","9.00","0.30","0.00667408","3","0.10","",""
"9119","飯野海運","東証","20230412","20230414","日証金","1063.00","180200","2.20","0.15","0.014111","3","0.05","",""
"9143","ＳＧホールディングス","東証","20230412","20230414","日証金","1908.00","10600","4.00","0.00","0","3","0.00","",""
"9147","ＮＸＨＤ","東証","20230412","20230414","日証金","7790.00","0","15.60","-","0","-","-","満額",""
"9219","ギックス","東証","20230412","20230414","日証金","2560.00","11900","5.20","0.00","0","3","0.00","",""
"9229","サンウェルズ","東証","20230412","20230414","日証金","3385.00","0","6.80","-","0","-","-","満額",""
"9267","ゲンキードラッグ","東証","20230412","20230414","日証金","3915.00","3800","8.00","0.15","0.00383142","3","-","",""
"9279","ギフトＨＤ","東証","20230412","20230414","日証金","4790.00","50000","9.60","0.30","0.00626305","3","0.10","",""
"9308","乾汽船","東証","20230412","20230414","日証金","1773.00","0","3.60","-","0","-","-","満額",""
"9368","キムラユニティー","東証","20230412","20230414","日証金","1005.00","17800","2.20","0.15","0.0149254","3","0.05","",""
"9380","東海運","東証","20230412","20230414","日証金","293.00","0","1.00","-","0","-","0.00","満額",""
"9384","内外トランスライン","東証","20230412","20230414","日証金","2450.00","11400","5.00","0.15","0.00612245","3","0.05","",""
"9385","ショーエイコーポ","東証","20230412","20230414","日証金","559.00","14000","1.20","0.15","0.0268336","3","0.05","",""
"9405","朝日放送グループＨＤ","東証","20230412","20230414","日証金","662.00","1300","1.40","0.00","0","3","0.00","",""
"9409","テレビ朝日ＨＤ","東証","20230412","20230414","日証金","1522.00","0","3.20","-","0","-","-","満額",""
"9413","テレ東ＨＤ","東証","20230412","20230414","日証金","2529.00","1100","5.20","0.15","0.0059312","3","0.05","",""
"9416","ビジョン","東証","20230412","20230414","日証金","1625.00","53700","3.40","0.00","0","3","0.00","",""
"9424","日本通信","東証","20230412","20230414","日証金","260.00","1277500","1.00","0.15","0.0576923","3","0.05","",""
"9428","クロップス","東証","20230412","20230414","日証金","1325.00","14700","2.80","0.15","0.0113208","3","0.05","",""
"9434","ソフトバンク","東証","20230412","20230414","日証金","1511.00","0","3.20","-","0","-","-","満額",""
"9438","エムティーアイ","東証","20230412","20230414","日証金","539.00","2100","1.20","0.00","0","3","0.00","",""
"9450","ファイバーゲート","東証","20230412","20230414","日証金","1125.00","0","2.40","-","0","-","-","満額",""
"9468","ＫＡＤＯＫＡＷＡ","東証","20230412","20230414","日証金","2818.00","15500","5.80","0.15","0.00532292","3","0.05","",""
"9502","中部電力","東証","20230412","20230414","日証金","1418.00","5000","3.00","0.00","0","3","0.00","",""
"9503","関西電力","東証","20230412","20230414","日証金","1325.00","113200","2.80","0.00","0","3","0.00","",""
"9505","北陸電力","東証","20230412","20230414","日証金","626.00","0","1.40","-","0","-","-","満額",""
"9509","北海道電力","東証","20230412","20230414","日証金","507.00","0","1.20","-","0","-","-","満額",""
"9532","大阪瓦斯","東証","20230412","20230414","日証金","2171.00","0","4.40","-","0","-","-","満額",""
"9535","広島ガス","東証","20230412","20230414","日証金","350.00","2600","1.00","0.15","0.0428571","3","0.05","",""
"9543","静岡ガス","東証","20230412","20230414","日証金","1104.00","0","2.40","-","0","-","-","満額",""
"9553","マイクロアド","東証","20230412","20230414","日証金","2992.00","0","12.00","-","0","-","-","満額","停止"
"9600","アイネット","東証","20230412","20230414","日証金","1309.00","0","2.80","-","0","-","-","満額",""
"9601","松竹","東証","20230412","20230414","日証金","11930.00","2700","24.00","0.60","0.00502934","3","0.20","",""
"9602","東宝","東証","20230412","20230414","日証金","5250.00","0","10.60","-","0","-","-","満額",""
"9656","グリーンランドリゾー","東証","20230412","20230414","日証金","527.00","0","1.20","-","0","-","-","満額",""
"9663","ナガワ","東証","20230412","20230414","日証金","6320.00","1800","12.80","0.30","0.00474684","3","0.10","",""
"9672","東京都競馬","東証","20230412","20230414","日証金","4305.00","5100","8.80","0.00","0","3","0.00","",""
"9675","常磐興産","東証","20230412","20230414","日証金","1212.00","5900","2.60","0.15","0.0123762","3","0.05","",""
"9697","カプコン","東証","20230412","20230414","日証金","4690.00","112000","9.40","0.30","0.00639659","3","0.10","",""
"9706","日本空港ビルデング","東証","20230412","20230414","日証金","6520.00","4600","13.20","0.00","0","3","0.10","",""
"9722","藤田観光","東証","20230412","20230414","日証金","3205.00","8600","6.60","0.15","0.00468019","3","0.05","",""
"9740","セントラル警備保障","東証","20230412","20230414","日証金","2725.00","100","5.60","0.00","0","3","-","",""
"9760","進学会ＨＤ","東証","20230412","20230414","日証金","298.00","35600","1.00","0.15","0.0503356","3","0.05","",""
"9766","コナミグループ","東証","20230412","20230414","日証金","6440.00","200","13.00","0.00","0","3","-","",""
"9788","ナック","東証","20230412","20230414","日証金","949.00","0","2.00","-","0","-","-","満額",""
"9793","ダイセキ","東証","20230412","20230414","日証金","3605.00","4200","7.40","0.00","0","3","-","",""
"9824","泉州電業","東証","20230412","20230414","日証金","3205.00","0","6.60","-","0","-","-","満額",""
"9828","元気寿司","東証","20230412","20230414","日証金","3035.00","0","6.20","-","0","-","-","満額",""
"9830","トラスコ中山","東証","20230412","20230414","日証金","2165.00","0","4.40","-","0","-","-","満額",""
"9832","オートバックスセブン","東証","20230412","20230414","日証金","1461.00","2100","3.00","0.15","0.0102669","3","0.05","",""
"9837","モリト","東証","20230412","20230414","日証金","1024.00","74200","2.20","0.15","0.0146484","3","0.05","",""
"9843","ニトリＨＤ","東証","20230412","20230414","日証金","16615.00","14600","33.40","0.00","0","3","-","",""
"9850","グルメ杵屋","東証","20230412","20230414","日証金","1021.00","29900","2.20","0.15","0.0146915","3","0.05","",""
"9856","ケーユーＨＤ","東証","20230412","20230414","日証金","1343.00","4700","2.80","0.15","0.011169","3","0.05","",""
"9861","吉野家ＨＤ","東証","20230412","20230414","日証金","2480.00","60600","5.00","0.15","0.00604839","3","0.05","",""
"9873","日本ＫＦＣＨＤ","東証","20230412","20230414","日証金","2834.00","8600","5.80","0.15","0.00529287","3","0.05","",""
"9887","松屋フーズＨＤ","東証","20230412","20230414","日証金","4095.00","2400","8.20","0.30","0.00732601","3","0.10","",""
"9889","ＪＢＣＣＨＤ","東証","20230412","20230414","日証金","2112.00","0","4.40","-","0","-","-","満額",""
"9900","サガミＨＤ","東証","20230412","20230414","日証金","1301.00","51900","2.80","0.15","0.0115296","3","0.05","",""
"9932","杉本商事","東証","20230412","20230414","日証金","1994.00","0","4.00","-","0","-","-","満額",""
"9969","ショクブン","東証","20230412","20230414","日証金","233.00","21300","1.00","0.15","0.0643777","3","0.05","",""
"9979","大庄","東証","20230412","20230414","日証金","1034.00","15000","2.20","0.15","0.0145068","3","0.05","",""
"9980","ＭＲＫ　ＨＬＤ","東証","20230412","20230414","日証金","110.00","0","1.00","-","0","-","-","満額",""
"9983","ファーストリテイリン","東証","20230412","20230414","日証金","29635.00","651300","59.40","2.10","0.00708622","3","1.20","",""
"9994","やまや","東証","20230412","20230414","日証金","2599.00","13200","5.20","0.15","0.00577145","3","0.05","",""
"9997","ベルーナ","東証","20230412","20230414","日証金","713.00","0","1.60","-","0","-","-","満額",""
